symbol,date,open,high,low,close,adjusted_close,volume
AAPL,2024-01-02,187.15,188.44,183.89,185.64,183.7313,82488700
MSFT,2024-01-02,373.86,375.9,366.771,370.87,364.5895,25258631
NVDA,2024-01-02,492.44,492.95,475.95,481.68,48.1386,411254216
SPY,2024-01-02,472.16,473.67,470.49,472.65,459.9844,123623700
AAPL,2024-01-03,184.22,185.88,183.43,184.25,182.3556,58414500
MSFT,2024-01-03,369.01,373.2562,368.51,370.6,364.324,23083471
NVDA,2024-01-03,474.85,481.841,473.2,475.69,47.5399,320896187
SPY,2024-01-03,470.43,471.19,468.17,468.79,456.2278,103585900
AAPL,2024-01-04,182.15,183.09,180.88,181.91,180.0397,71983600
MSFT,2024-01-04,370.665,373.1,367.17,367.94,361.7091,20901500
NVDA,2024-01-04,477.67,485.0,475.08,479.98,47.9687,306534877
SPY,2024-01-04,468.3,470.96,467.05,467.28,454.7583,84232200
AAPL,2024-01-05,181.99,182.76,180.17,181.18,179.3172,62379700
MSFT,2024-01-05,368.97,372.06,366.5,367.75,361.5223,21004580
NVDA,2024-01-05,484.62,495.47,483.0601,490.97,49.067,415039296
SPY,2024-01-05,467.49,470.44,466.43,467.92,455.3811,86118900
AAPL,2024-01-08,182.09,185.6,181.5,185.56,183.6521,59144500
MSFT,2024-01-08,369.3,375.2,369.01,374.69,368.3448,23133971
NVDA,2024-01-08,495.12,522.75,494.79,522.53,52.2211,642509874
SPY,2024-01-08,468.43,474.75,468.3,474.6,461.8821,74879100
AAPL,2024-01-09,183.92,185.15,182.73,185.14,183.2365,42841800
MSFT,2024-01-09,372.01,375.99,371.19,375.79,369.4261,20829949
NVDA,2024-01-09,524.01,543.25,516.9,531.4,53.1075,773100072
SPY,2024-01-09,471.87,474.93,471.35,473.88,461.1814,65931400
AAPL,2024-01-10,184.35,186.4,183.92,186.19,184.2757,46792900
MSFT,2024-01-10,376.37,384.17,376.32,382.77,376.2879,25514250
NVDA,2024-01-10,536.16,546.0,534.89,543.5,54.3168,533795775
SPY,2024-01-10,474.16,477.45,473.87,476.56,463.7896,67310600
AAPL,2024-01-11,186.54,187.05,183.62,185.59,183.6818,49128400
MSFT,2024-01-11,386.0,390.68,380.38,384.63,378.1164,27850850
NVDA,2024-01-11,549.99,553.46,535.6,548.22,54.7885,596758784
SPY,2024-01-11,477.59,478.12,472.26,476.35,463.5852,77940700
AAPL,2024-01-12,186.06,186.74,185.19,185.92,184.0084,40477800
MSFT,2024-01-12,385.49,388.68,384.65,388.47,381.8914,21661150
NVDA,2024-01-12,546.2,549.7,543.3008,547.1,54.6766,352993586
SPY,2024-01-12,477.84,478.6,475.23,476.68,463.9064,58026400
AAPL,2024-01-16,182.16,184.26,180.93,183.63,181.742,65603000
MSFT,2024-01-16,393.66,394.03,387.6229,390.27,383.6609,27202270
NVDA,2024-01-16,550.18,568.3499,549.0,563.82,56.3476,449579686
SPY,2024-01-16,475.26,476.61,473.06,474.93,462.2033,85014900
AAPL,2024-01-17,181.27,182.93,180.3,182.68,180.8017,47317400
MSFT,2024-01-17,387.98,390.11,384.81,389.47,382.8745,22234109
NVDA,2024-01-17,563.47,564.7068,547.4,560.53,56.0188,474394405
SPY,2024-01-17,471.82,472.79,469.87,472.29,459.634,68843900
AAPL,2024-01-18,186.09,189.14,185.83,188.63,186.6906,78005800
MSFT,2024-01-18,391.72,393.99,390.12,393.87,387.2,23392070
NVDA,2024-01-18,572.6,576.0,561.07,571.07,57.0721,491650385
SPY,2024-01-18,474.01,477.06,472.42,476.49,463.7215,91856200
AAPL,2024-01-19,189.33,191.95,188.82,191.56,189.5904,68903000
MSFT,2024-01-19,395.76,398.67,393.5,398.67,391.9187,29331141
NVDA,2024-01-19,579.89,595.0,572.25,594.91,59.4547,543501515
SPY,2024-01-19,477.65,482.72,476.54,482.43,469.5023,110834500
AAPL,2024-01-22,192.3,195.33,192.26,193.89,191.8965,60133900
MSFT,2024-01-22,400.02,400.62,393.59,396.51,389.7953,27016900
NVDA,2024-01-22,600.49,603.31,590.7,596.54,59.6176,452954605
SPY,2024-01-22,484.01,485.22,482.78,483.45,470.495,75844900
AAPL,2024-01-23,195.02,195.75,193.83,195.18,193.1732,42355600
MSFT,2024-01-23,395.75,399.38,393.93,398.9,392.1448,20525881
NVDA,2024-01-23,595.7,599.1,585.85,598.73,59.8364,294654487
SPY,2024-01-23,484.01,485.11,482.89,484.86,471.8672,49945300
AAPL,2024-01-24,195.42,196.38,194.34,194.5,192.5002,53631300
MSFT,2024-01-24,401.54,405.63,400.45,402.56,395.7428,24866949
NVDA,2024-01-24,603.04,628.49,599.38,613.62,61.3245,560270774
SPY,2024-01-24,487.81,488.77,484.88,485.39,472.383,81765000
AAPL,2024-01-25,195.22,196.27,193.11,194.17,192.1736,54822100
MSFT,2024-01-25,404.32,407.01,402.5294,404.87,398.0137,21021160
NVDA,2024-01-25,623.5,627.19,608.5,616.17,61.5794,482776795
SPY,2024-01-25,487.58,488.31,485.39,488.03,474.9522,72525000
AAPL,2024-01-26,194.27,194.76,191.94,192.42,190.4416,44594000
MSFT,2024-01-26,404.37,406.17,402.43,403.93,397.0896,17803270
NVDA,2024-01-26,609.6,617.83,605.73,610.31,60.9937,390308586
SPY,2024-01-26,487.59,489.12,486.54,487.41,474.3488,76641600
AAPL,2024-01-29,192.01,192.2,189.58,191.73,189.7587,47145600
MSFT,2024-01-29,406.06,409.98,404.33,409.72,402.7816,24510240
NVDA,2024-01-29,612.32,624.89,609.07,624.65,62.4268,348733007
SPY,2024-01-29,487.73,491.42,487.17,491.27,478.1054,61322800
AAPL,2024-01-30,190.94,191.8,187.47,188.04,186.1066,55859400
MSFT,2024-01-30,412.26,413.05,406.4501,408.59,401.6707,33477609
NVDA,2024-01-30,629.0,634.93,622.6,627.74,62.7357,410735266
SPY,2024-01-30,490.56,491.62,490.11,490.89,477.7356,58618400
AAPL,2024-01-31,187.04,187.1,184.35,184.4,182.5041,55467800
MSFT,2024-01-31,406.96,415.32,397.21,397.58,390.8471,47871102
NVDA,2024-01-31,614.4,622.6902,607.0,615.27,61.4894,453794875
SPY,2024-01-31,488.62,489.08,482.86,482.88,469.9402,126011100
AAPL,2024-02-01,183.99,186.95,183.82,186.86,184.9388,64885400
MSFT,2024-02-01,401.83,408.0,401.8,403.78,396.9421,30657730
NVDA,2024-02-01,621.0,631.91,616.5,630.27,62.9885,369145776
SPY,2024-02-01,484.63,489.23,483.8,489.2,476.0909,91891600
AAPL,2024-02-02,179.86,187.33,179.25,185.85,183.9392,102551700
MSFT,2024-02-02,403.81,412.65,403.56,411.22,404.2562,28256670
NVDA,2024-02-02,639.74,666.0,636.9,661.6,66.1196,476577695
SPY,2024-02-02,489.65,496.05,489.3,494.35,481.1029,99228200
AAPL,2024-02-05,188.15,189.25,185.84,187.68,185.7503,69668800
MSFT,2024-02-05,409.9,411.16,403.99,405.65,398.7805,25352289
NVDA,2024-02-05,682.25,694.97,672.0501,693.32,69.2896,680077963
SPY,2024-02-05,493.7,494.38,490.23,492.55,479.3511,75757100
AAPL,2024-02-06,186.86,189.31,186.77,189.3,187.3537,43490800
MSFT,2024-02-06,405.88,407.97,402.91,405.49,398.6232,18382619
NVDA,2024-02-06,696.3,697.5399,663.0,682.23,68.1813,683111323
SPY,2024-02-06,493.52,494.32,492.05,493.98,480.7428,55918600
AAPL,2024-02-07,190.64,191.05,188.61,189.41,187.4625,53439000
MSFT,2024-02-07,407.44,414.3,407.4,414.05,407.0382,22340529
NVDA,2024-02-07,683.19,702.2,676.0,700.99,70.0562,495574605
SPY,2024-02-07,496.29,498.53,495.36,498.1,484.7524,70556500
AAPL,2024-02-08,189.39,189.54,187.35,188.32,186.3838,40962000
MSFT,2024-02-08,414.05,415.56,412.53,414.11,407.0972,21225260
NVDA,2024-02-08,700.74,707.94,694.5501,696.41,69.5985,414422066
SPY,2024-02-08,498.1,498.71,497.26,498.32,484.9665,52343600
AAPL,2024-02-09,188.65,189.99,188.0,188.85,187.1468,45155200
MSFT,2024-02-09,415.25,420.82,415.09,420.55,413.4282,22032840
NVDA,2024-02-09,705.3301,721.85,702.12,721.33,72.0889,436636876
SPY,2024-02-09,498.84,501.65,498.49,501.2,487.7693,63979400
AAPL,2024-02-12,188.42,188.67,186.79,187.15,185.4621,41781900
MSFT,2024-02-12,420.555,420.74,414.75,415.26,408.2277,21202920
NVDA,2024-02-12,726.0,746.11,712.5,722.48,72.2039,613710194
SPY,2024-02-12,501.17,503.5,500.24,500.98,487.5552,56502300
AAPL,2024-02-13,185.77,186.21,183.51,185.04,183.3712,56529500
MSFT,2024-02-13,404.94,410.071,403.39,406.32,399.4391,27824939
NVDA,2024-02-13,704.0,734.5001,696.2,721.28,72.0839,602580154
SPY,2024-02-13,494.53,497.09,490.72,494.08,480.8401,113099200
AAPL,2024-02-14,185.32,185.53,182.44,184.15,182.4892,54630500
MSFT,2024-02-14,408.07,409.84,404.57,409.49,403.2999,20401189
NVDA,2024-02-14,732.02,742.36,719.38,739.0,73.8549,504917375
SPY,2024-02-14,496.79,499.07,494.4,498.57,485.2098,68387800
AAPL,2024-02-15,183.55,184.49,181.35,183.86,182.2018,65434500
MSFT,2024-02-15,408.14,409.13,404.29,406.56,400.4142,21825529
NVDA,2024-02-15,738.6901,739.75,724.0,726.5801,72.6136,420121796
SPY,2024-02-15,499.29,502.2,498.8,502.01,488.5576,61683000
AAPL,2024-02-16,183.42,184.85,181.67,182.31,180.6658,49752500
MSFT,2024-02-16,407.96,408.29,403.44,404.06,397.952,22296500
NVDA,2024-02-16,741.0,744.02,725.01,726.13,72.5686,495326595
SPY,2024-02-16,501.7,502.87,498.75,499.51,486.1246,75532900
AAPL,2024-02-20,181.79,182.43,180.0,181.56,179.9226,53665600
MSFT,2024-02-20,403.24,404.49,398.01,402.79,396.7012,24307920
NVDA,2024-02-20,719.47,719.56,677.34,694.52,69.4096,704833113
SPY,2024-02-20,497.72,498.41,494.45,496.76,483.4483,71736700
AAPL,2024-02-21,181.94,182.89,180.66,182.32,180.6757,41371400
MSFT,2024-02-21,400.17,402.29,397.22,402.18,396.1004,18631070
NVDA,2024-02-21,680.0601,688.88,662.48,674.72,67.4308,690298043
SPY,2024-02-21,495.42,497.37,493.56,497.21,483.8862,59293400
AAPL,2024-02-22,183.48,184.96,182.46,184.37,182.7072,52292200
MSFT,2024-02-22,410.19,412.83,408.57,411.65,405.4272,27009869
NVDA,2024-02-22,750.25,785.7501,742.2,785.38,78.49,865099681
SPY,2024-02-22,504.01,508.49,503.02,507.5,493.9005,76402500
AAPL,2024-02-23,185.01,185.04,182.23,182.52,180.8739,45119700
MSFT,2024-02-23,415.67,415.86,408.97,410.34,404.137,16295880
NVDA,2024-02-23,807.9,823.9401,775.7,788.1701,78.7689,829388432
SPY,2024-02-23,509.27,510.13,507.1,507.85,494.2411,61321800
AAPL,2024-02-26,182.24,182.76,180.65,181.16,179.5262,40867400
MSFT,2024-02-26,411.455,412.16,407.36,407.54,401.3794,16193510
NVDA,2024-02-26,797.0001,806.4599,785.05,790.92,79.0437,503972725
SPY,2024-02-26,508.3,508.75,505.86,505.99,492.431,50386700
AAPL,2024-02-27,181.1,183.92,179.56,182.63,180.9829,54318900
MSFT,2024-02-27,407.99,408.32,403.85,407.48,401.3203,14835830
NVDA,2024-02-27,793.8101,794.8,771.62,787.01,78.6529,391705196
SPY,2024-02-27,506.7,507.16,504.75,506.93,493.3458,48854500
AAPL,2024-02-28,182.51,183.12,180.13,181.42,179.7838,48953900
MSFT,2024-02-28,408.175,409.3,405.3201,407.72,401.5566,13183130
NVDA,2024-02-28,776.2,789.3301,771.25,776.63,77.6156,393110386
SPY,2024-02-28,505.33,506.86,504.96,506.26,492.6937,56506600
AAPL,2024-02-29,181.27,182.57,179.53,180.75,179.1199,136682600
MSFT,2024-02-29,408.64,414.2,405.92,413.64,407.3871,31947260
NVDA,2024-02-29,790.94,799.9,783.5,791.12,79.0637,507288975
SPY,2024-02-29,508.07,509.74,505.35,508.08,494.4649,83924800
AAPL,2024-03-01,179.55,180.53,177.38,179.66,178.0397,73563100
MSFT,2024-03-01,411.27,415.87,410.88,415.5,409.219,17823449
NVDA,2024-03-01,800.0,823.0,794.3503,822.79,82.2287,479135115
SPY,2024-03-01,508.98,513.29,508.56,512.85,499.1071,76844800
AAPL,2024-03-04,176.15,176.9,173.79,175.1,173.5208,81510100
MSFT,2024-03-04,413.44,417.35,412.32,414.92,408.6478,17595961
NVDA,2024-03-04,841.3,876.95,837.19,852.37,85.1849,615616444
SPY,2024-03-04,512.03,514.2,512.0,512.3,498.5719,49799300
AAPL,2024-03-05,170.76,172.04,169.62,170.12,168.5857,95132400
MSFT,2024-03-05,413.96,414.25,400.64,402.65,396.5633,26919180
NVDA,2024-03-05,852.7001,860.97,834.1702,859.64,85.9155,520639295
SPY,2024-03-05,510.24,510.7,504.91,507.18,493.5891,72855600
AAPL,2024-03-06,171.06,171.24,168.68,169.12,167.5947,68587700
MSFT,2024-03-06,402.97,405.16,398.39,402.09,396.0117,22344150
NVDA,2024-03-06,880.22,897.24,870.3002,887.0001,88.65,582520304
SPY,2024-03-06,510.55,512.07,508.42,509.75,496.0902,68382400
AAPL,2024-03-07,169.15,170.73,168.49,169.0,167.4758,71765100
MSFT,2024-03-07,406.12,409.78,402.24,409.14,402.9552,18718480
NVDA,2024-03-07,901.5801,927.67,896.0201,926.69,92.6167,608119134
SPY,2024-03-07,513.14,515.89,509.81,514.81,501.0146,58652100
AAPL,2024-03-08,169.0,173.7,168.94,170.73,169.1902,76267000
MSFT,2024-03-08,407.96,410.42,404.33,406.22,400.0793,18002189
NVDA,2024-03-08,951.379,974.0,865.0601,875.2801,87.4786,1142268969
SPY,2024-03-08,515.46,518.22,511.13,511.72,498.0074,86532500
AAPL,2024-03-11,172.94,174.38,172.05,172.75,171.192,60139500
MSFT,2024-03-11,403.762,405.68,401.26,404.52,398.405,16120750
NVDA,2024-03-11,864.2901,887.97,841.6601,857.74,85.7256,678364053
SPY,2024-03-11,510.48,511.88,508.5,511.28,497.5792,62557200
AAPL,2024-03-12,173.15,174.03,171.01,173.23,171.6677,59825400
MSFT,2024-03-12,407.62,415.57,406.79,415.28,409.0023,22457000
NVDA,2024-03-12,880.4901,919.6,861.501,919.13,91.8612,668075223
SPY,2024-03-12,513.45,517.38,510.86,516.78,502.9318,73114400
AAPL,2024-03-13,172.77,173.19,170.76,171.13,169.5866,52488700
MSFT,2024-03-13,418.1,418.18,411.45,415.1,408.8251,17115930
NVDA,2024-03-13,910.55,915.04,884.35,908.88,90.8367,635712924
SPY,2024-03-13,517.11,517.29,514.49,515.97,502.1435,55104100
AAPL,2024-03-14,172.91,174.31,172.05,173.0,171.4398,72913500
MSFT,2024-03-14,420.24,427.82,417.99,425.22,418.7921,34157301
NVDA,2024-03-14,895.77,906.46,866.0,879.44,87.8944,602318194
SPY,2024-03-14,516.97,517.13,511.82,514.95,501.1509,110171800
AAPL,2024-03-15,171.17,172.62,170.29,172.62,171.0632,121752700
MSFT,2024-03-15,419.29,422.6,412.79,416.42,410.1251,45079898
NVDA,2024-03-15,869.3,895.4601,862.5701,878.365,87.787,642086204
SPY,2024-03-15,510.21,511.7,508.12,509.83,497.7096,107646300
AAPL,2024-03-18,175.57,177.71,173.52,173.72,172.1533,75604200
MSFT,2024-03-18,414.25,420.73,413.78,417.32,411.0115,20105980
NVDA,2024-03-18,903.88,924.05,870.85,884.5501,88.4051,668975933
SPY,2024-03-18,514.0,515.48,512.44,512.86,500.6676,88893300
AAPL,2024-03-19,174.34,176.61,173.03,176.08,174.492,55215200
MSFT,2024-03-19,417.83,421.6656,415.55,421.41,415.0397,19837920
NVDA,2024-03-19,867.0001,905.44,850.1,893.98,89.3476,672171243
SPY,2024-03-19,512.15,516.0,511.12,515.71,503.4498,60755300
AAPL,2024-03-20,175.72,178.67,175.09,178.67,177.0586,53423100
MSFT,2024-03-20,422.0,425.96,420.66,425.23,418.8019,17860090
NVDA,2024-03-20,897.97,904.1,882.23,903.72,90.321,479062805
SPY,2024-03-20,515.77,520.62,515.08,520.48,508.1064,69594600
AAPL,2024-03-21,177.05,177.49,170.84,171.37,169.8245,106181300
MSFT,2024-03-21,429.83,430.82,427.16,429.37,422.8794,21296221
NVDA,2024-03-21,923.0,926.48,904.05,914.35,91.3834,480372295
SPY,2024-03-21,523.39,524.11,521.91,522.2,509.7855,60256100
AAPL,2024-03-22,171.76,173.05,170.06,172.28,170.7263,71160100
MSFT,2024-03-22,429.7,429.86,426.07,428.74,422.2589,17648471
NVDA,2024-03-22,911.41,947.7799,908.3401,942.89,94.2358,586719374
SPY,2024-03-22,522.11,522.61,520.97,521.21,508.8191,79070800
AAPL,2024-03-25,170.57,171.94,169.45,170.85,169.3091,54288300
MSFT,2024-03-25,425.24,427.41,421.61,422.86,416.4678,18060449
NVDA,2024-03-25,939.41,967.6599,935.1,950.0201,94.9484,552136084
SPY,2024-03-25,519.8,520.95,519.61,519.77,507.4133,48512100
AAPL,2024-03-26,170.0,171.42,169.58,169.71,168.1794,57388400
MSFT,2024-03-26,425.61,425.99,421.35,421.65,415.2761,16725650
NVDA,2024-03-26,958.5101,963.75,925.0201,925.61,92.5088,513647615
SPY,2024-03-26,521.23,521.58,518.4,518.81,506.4761,65463700
AAPL,2024-03-27,170.41,173.6,170.11,173.31,171.747,60273300
MSFT,2024-03-27,424.44,424.45,419.01,421.43,415.0594,16704980
NVDA,2024-03-27,931.12,932.4,891.23,902.5,90.1991,586067184
SPY,2024-03-27,521.71,523.21,519.49,523.17,510.7325,82999800
AAPL,2024-03-28,171.75,172.23,170.51,171.48,169.9335,65672700
MSFT,2024-03-28,420.96,421.87,419.12,420.72,414.3601,21871160
NVDA,2024-03-28,900.0,913.0,891.93,903.5601,90.305,435212296
SPY,2024-03-28,523.21,524.61,522.78,523.07,510.6348,96294900
AAPL,2024-04-01,171.19,171.25,169.48,170.03,168.4965,46240500
MSFT,2024-04-01,423.95,427.89,422.22,424.57,418.1519,16315960
NVDA,2024-04-01,902.9901,922.25,892.04,903.63,90.312,452441515
SPY,2024-04-01,523.83,524.38,520.97,522.16,509.7465,62477500
AAPL,2024-04-02,169.08,169.34,168.23,168.84,167.3173,49329500
MSFT,2024-04-02,420.11,422.38,417.84,421.44,415.0692,17911990
NVDA,2024-04-02,884.48,900.94,876.2,894.52,89.4015,433063586
SPY,2024-04-02,518.24,518.98,516.48,518.84,506.5054,74230300
AAPL,2024-04-03,168.79,170.68,168.58,169.65,168.12,47691700
MSFT,2024-04-03,419.73,423.26,419.085,420.45,414.0942,16502260
NVDA,2024-04-03,884.84,903.74,884.0,889.64,88.9138,370066596
SPY,2024-04-03,517.72,520.95,517.67,519.41,507.0618,59155800
AAPL,2024-04-04,170.29,171.92,168.82,168.82,167.2975,53704400
MSFT,2024-04-04,424.99,428.67,417.57,417.88,411.563,19370881
NVDA,2024-04-04,904.06,906.34,858.8,859.05,85.8565,434964876
SPY,2024-04-04,523.52,523.87,512.76,513.07,500.8726,96858100
AAPL,2024-04-05,169.59,170.39,168.95,169.58,168.0506,42104800
MSFT,2024-04-05,420.01,426.51,418.32,425.52,419.0876,16554760
NVDA,2024-04-05,868.66,884.8101,859.26,880.08,87.9584,399678476
SPY,2024-04-05,514.46,520.44,514.01,518.43,506.1051,74546500
AAPL,2024-04-08,169.03,169.2,168.24,168.45,166.9308,37425500
MSFT,2024-04-08,425.17,427.28,423.3,424.59,418.1716,14272390
NVDA,2024-04-08,887.0001,888.3001,867.32,871.33,87.0839,283219997
SPY,2024-04-08,519.15,520.18,517.89,518.72,506.3882,48401800
AAPL,2024-04-09,168.7,170.08,168.35,169.67,168.1398,42373800
MSFT,2024-04-09,426.44,427.74,421.62,426.28,419.8361,12512290
NVDA,2024-04-09,874.4201,876.35,830.22,853.54,85.3059,503547375
SPY,2024-04-09,520.5,520.75,514.35,519.32,506.974,68049200
AAPL,2024-04-10,168.8,169.09,167.11,167.78,166.2668,49709300
MSFT,2024-04-10,422.19,424.03,419.7,423.26,416.8617,16216580
NVDA,2024-04-10,839.26,874.0,837.0901,870.39,86.9899,431928476
SPY,2024-04-10,513.48,516.16,512.09,514.12,501.8976,82652800
AAPL,2024-04-11,168.34,175.46,168.16,175.04,173.4614,91070300
MSFT,2024-04-11,425.82,429.37,422.36,427.93,421.4611,17966420
NVDA,2024-04-11,874.2001,907.3899,869.26,906.16,90.5649,431637266
SPY,2024-04-11,515.68,519.48,512.08,518.0,505.6854,70099000
AAPL,2024-04-12,174.26,178.36,174.21,176.55,174.9577,101670900
MSFT,2024-04-12,424.05,425.1794,419.77,421.9,415.5223,19253750
NVDA,2024-04-12,896.99,901.7499,875.3,881.86,88.1363,426804796
SPY,2024-04-12,514.37,515.82,509.08,510.85,498.7053,92561100
AAPL,2024-04-15,175.36,176.63,172.5,172.69,171.1326,73531800
MSFT,2024-04-15,426.6,426.82,413.43,413.64,407.3871,20273539
NVDA,2024-04-15,890.98,906.13,859.2901,860.01,85.9525,443076986
SPY,2024-04-15,515.13,515.3,503.58,504.45,492.4575,92101400
AAPL,2024-04-16,171.75,173.76,168.27,169.38,167.8524,73711200
MSFT,2024-04-16,414.57,418.4,413.7301,414.58,408.3129,16765619
NVDA,2024-04-16,864.325,881.1801,860.639,874.15,87.3657,370453006
SPY,2024-04-16,504.94,506.5,502.21,503.53,491.5594,73484000
AAPL,2024-04-17,169.61,170.65,168.0,168.0,166.4849,50901200
MSFT,2024-04-17,417.25,418.88,410.33,411.84,405.6144,15855490
NVDA,2024-04-17,883.4,887.75,839.5001,840.35,83.9876,495399525
SPY,2024-04-17,506.05,506.22,499.12,500.55,488.6502,75910300
AAPL,2024-04-18,168.03,168.64,166.55,167.04,165.5335,43122900
MSFT,2024-04-18,410.63,411.89,403.95,404.27,398.1588,21029920
NVDA,2024-04-18,849.7,861.9,824.02,846.7101,84.6233,447260306
SPY,2024-04-18,501.98,504.13,498.56,499.52,487.6447,74548100
AAPL,2024-04-19,166.21,166.4,164.08,165.0,163.5119,68149400
MSFT,2024-04-19,404.03,405.48,397.77,399.12,393.0866,30565789
NVDA,2024-04-19,831.5,843.24,756.0601,762.0001,76.157,875197961
SPY,2024-04-19,499.44,500.46,493.86,495.16,483.3883,102212600
AAPL,2024-04-22,165.52,167.26,164.77,165.84,164.3443,48116400
MSFT,2024-04-22,400.08,402.85,395.75,400.96,394.8988,20286881
NVDA,2024-04-22,781.04,800.73,764.0,795.18,79.4732,596340464
SPY,2024-04-22,497.83,502.38,495.43,499.72,487.8399,67961000
AAPL,2024-04-23,165.35,167.05,164.92,166.9,165.3948,49537800
MSFT,2024-04-23,404.235,408.2,403.06,407.57,401.4089,15734500
NVDA,2024-04-23,807.6901,827.6901,802.64,824.23,82.3765,438559406
SPY,2024-04-23,501.78,506.09,499.53,505.65,493.629,64633600
AAPL,2024-04-24,166.54,169.3,166.21,169.02,167.4957,48251800
MSFT,2024-04-24,409.56,412.47,406.78,409.06,402.8764,15065330
NVDA,2024-04-24,839.5001,840.82,791.8301,796.77,79.6321,512207535
SPY,2024-04-24,506.56,507.37,503.13,505.41,493.3947,55928100
AAPL,2024-04-25,169.53,170.61,168.15,169.89,168.3578,50558300
MSFT,2024-04-25,394.03,399.8899,388.03,399.04,393.0078,40586449
NVDA,2024-04-25,788.6801,833.2299,782.23,826.3201,82.5854,424640696
SPY,2024-04-25,499.18,504.27,497.49,503.49,491.5203,69122400
AAPL,2024-04-26,169.88,171.34,169.18,169.3,167.7731,44838400
MSFT,2024-04-26,412.17,413.0,405.7601,406.32,400.1778,29694650
NVDA,2024-04-26,838.18,883.3093,833.87,877.35,87.6855,551010854
SPY,2024-04-26,506.35,509.88,505.7,508.26,496.1769,64306100
AAPL,2024-04-29,173.37,176.03,173.1,173.5,171.9352,68169400
MSFT,2024-04-29,405.25,406.32,399.19,402.25,396.1693,19582090
NVDA,2024-04-29,875.95,879.92,852.66,877.5701,87.7075,388970776
SPY,2024-04-29,510.09,510.75,507.25,510.06,497.9341,46415400
AAPL,2024-04-30,173.33,174.99,170.0,170.33,168.7938,65934800
MSFT,2024-04-30,401.49,402.16,389.17,389.33,383.4446,28781369
NVDA,2024-04-30,872.4,888.19,863.0,864.02,86.3533,363708706
SPY,2024-04-30,508.56,509.56,501.98,501.98,490.0462,77483600
AAPL,2024-05-01,169.58,172.71,169.11,169.3,167.7731,50383100
MSFT,2024-05-01,392.61,401.7199,390.31,394.94,388.9698,23562480
NVDA,2024-05-01,850.77,860.0,812.5457,830.4101,82.9942,559863154
SPY,2024-05-01,501.38,508.19,499.87,500.35,488.455,80242800
AAPL,2024-05-02,172.51,173.42,170.89,173.03,171.4695,94214900
MSFT,2024-05-02,397.66,399.93,394.6515,397.84,391.826,17709359
NVDA,2024-05-02,844.49,862.37,832.0001,858.1701,85.7686,377897536
SPY,2024-05-02,504.15,505.89,499.55,505.03,493.0237,62550200
AAPL,2024-05-03,186.65,187.0,182.66,183.38,181.7261,163224100
MSFT,2024-05-03,402.28,407.15,401.86,406.66,400.5127,17446721
NVDA,2024-05-03,877.89,892.81,870.4,887.89,88.7389,398340696
SPY,2024-05-03,511.16,512.55,508.56,511.29,499.1349,72756700
AAPL,2024-05-06,182.35,184.2,180.42,181.71,180.0712,78569700
MSFT,2024-05-06,408.76,413.93,406.3701,413.54,407.2887,16996641
NVDA,2024-05-06,893.9001,922.2,890.55,921.4001,92.088,376202616
SPY,2024-05-06,513.75,516.61,513.3,516.57,504.2894,47264700
AAPL,2024-05-07,183.45,184.9,181.32,182.4,180.755,77305800
MSFT,2024-05-07,414.66,414.67,409.09,409.34,403.1521,20018230
NVDA,2024-05-07,910.98,917.81,890.11,905.5401,90.5029,437341596
SPY,2024-05-07,517.56,518.57,516.45,517.14,504.8458,52561300
AAPL,2024-05-08,182.85,183.07,181.45,182.74,181.0919,45057100
MSFT,2024-05-08,408.17,412.23,406.7132,410.54,404.334,11792310
NVDA,2024-05-08,894.8251,911.94,894.2001,904.12,90.361,325720997
SPY,2024-05-08,515.26,517.74,515.14,517.19,504.8946,42047200
AAPL,2024-05-09,182.56,184.66,182.11,184.57,182.9054,48983000
MSFT,2024-05-09,410.57,412.72,409.1,412.32,406.0871,14689730
NVDA,2024-05-09,905.29,910.72,882.3101,887.47,88.6969,378012726
SPY,2024-05-09,517.38,520.21,516.71,520.17,507.8038,43643700
AAPL,2024-05-10,184.9,185.09,182.13,183.05,181.6452,50759500
MSFT,2024-05-10,412.935,415.38,411.8,414.74,408.4705,13402280
NVDA,2024-05-10,903.045,914.01,892.27,898.78,89.8273,335325427
SPY,2024-05-10,521.81,522.64,519.59,520.84,508.4578,52233200
AAPL,2024-05-13,185.44,187.1,184.62,186.28,184.8504,72044800
MSFT,2024-05-13,418.01,418.348,410.82,413.72,407.4659,15440230
NVDA,2024-05-13,904.78,909.98,885.29,903.99,90.348,289680197
SPY,2024-05-13,522.56,522.67,519.74,520.91,508.5262,36716400
AAPL,2024-05-14,187.51,188.3,186.29,187.43,185.9915,52393600
MSFT,2024-05-14,412.02,417.49,411.55,416.56,410.263,15109310
NVDA,2024-05-14,895.99,916.51,889.3401,913.5601,91.3045,296507107
SPY,2024-05-14,521.11,523.83,520.56,523.3,510.8594,57535900
AAPL,2024-05-15,187.91,190.65,187.37,189.72,188.264,70400000
MSFT,2024-05-15,417.9,423.81,417.27,423.08,417.436,22239529
NVDA,2024-05-15,924.72,948.62,915.99,946.3,94.5766,417735506
SPY,2024-05-15,525.83,530.08,525.18,529.78,517.1853,59504900
AAPL,2024-05-16,190.47,191.1,189.66,189.84,188.383,52845200
MSFT,2024-05-16,421.8,425.42,420.35,420.99,415.3739,17530051
NVDA,2024-05-16,949.1,958.1899,941.03,943.59,94.3058,323951817
SPY,2024-05-16,529.88,531.52,528.54,528.69,516.1212,50244800
AAPL,2024-05-17,189.51,190.81,189.18,189.87,188.4128,41282900
MSFT,2024-05-17,422.54,422.92,418.025,420.21,414.6043,15352240
NVDA,2024-05-17,943.6901,947.4,918.06,924.79,92.4268,359691016
SPY,2024-05-17,528.81,529.52,527.32,529.45,516.8632,59187600
AAPL,2024-05-20,189.33,191.92,189.01,191.04,189.5738,44361300
MSFT,2024-05-20,420.21,426.77,419.99,425.34,419.6659,16272140
NVDA,2024-05-20,937.5,952.0001,934.4,947.8,94.7265,318764467
SPY,2024-05-20,529.57,531.56,529.17,530.06,517.4587,37764200
AAPL,2024-05-21,191.09,192.73,190.92,192.35,190.8738,42309400
MSFT,2024-05-21,426.825,432.97,424.85,429.04,423.3165,21453260
NVDA,2024-05-21,935.99,954.0,931.8,953.86,95.3322,328946477
SPY,2024-05-21,529.28,531.52,529.07,531.36,518.7278,33437000
AAPL,2024-05-22,192.27,192.82,190.27,190.9,189.4349,34648500
MSFT,2024-05-22,430.09,432.41,427.13,430.52,424.7768,18073699
NVDA,2024-05-22,954.5901,960.2001,932.49,949.5001,94.8965,548648005
SPY,2024-05-22,530.65,531.38,527.6,529.83,517.2341,48390000
AAPL,2024-05-23,190.98,191.0,186.63,186.88,185.4458,51005900
MSFT,2024-05-23,432.97,433.6,425.424,427.0,421.3037,17211689
NVDA,2024-05-23,1020.28,1063.2,1015.2,1037.99,103.7405,835065302
SPY,2024-05-23,532.96,533.07,524.72,525.96,513.4561,57211200
AAPL,2024-05-24,188.82,190.58,188.04,189.98,188.522,36327000
MSFT,2024-05-24,427.19,431.055,424.41,430.16,424.4216,11855290
NVDA,2024-05-24,1044.49,1064.75,1030.0,1064.69,106.409,429493666
SPY,2024-05-24,527.85,530.27,526.88,529.44,516.8534,41291100
AAPL,2024-05-28,191.51,193.0,189.1,189.99,188.5319,52280100
MSFT,2024-05-28,429.63,430.82,426.6,430.32,424.5794,15718020
NVDA,2024-05-28,1102.44,1149.39,1098.83,1139.01,113.8368,652727963
SPY,2024-05-28,530.27,530.51,527.11,529.81,517.2146,36269600
AAPL,2024-05-29,189.61,192.25,189.51,190.29,188.8296,53068000
MSFT,2024-05-29,425.69,430.94,425.69,429.17,423.4448,15517130
NVDA,2024-05-29,1130.5,1154.92,1109.01,1148.25,114.7602,557441904
SPY,2024-05-29,525.68,527.31,525.37,526.1,513.5928,45190300
AAPL,2024-05-30,190.76,192.18,190.63,191.29,189.8219,49889100
MSFT,2024-05-30,424.3,424.3,414.24,414.67,409.1382,28424850
NVDA,2024-05-30,1146.5,1158.192,1096.63,1105.0,110.4377,487350305
SPY,2024-05-30,524.52,525.2,521.33,522.61,510.1858,46377600
AAPL,2024-05-31,191.44,192.57,189.91,192.25,190.7746,75158300
MSFT,2024-05-31,416.75,416.75,404.51,415.13,409.5921,47995246
NVDA,2024-05-31,1125.2,1127.17,1069.4,1096.33,109.5712,613262454
SPY,2024-05-31,523.59,527.5,518.36,527.37,514.8326,90785800
AAPL,2024-06-03,192.9,194.99,192.52,194.03,192.5409,50080500
MSFT,2024-06-03,415.525,416.43,408.9234,413.52,408.0035,17484680
NVDA,2024-06-03,1136.21,1150.0,1120.03,1150.0,114.9351,438391796
SPY,2024-06-03,529.02,529.31,522.6,527.8,515.2524,46835700
AAPL,2024-06-04,194.64,195.32,193.03,194.35,192.8584,47471400
MSFT,2024-06-04,412.43,416.44,409.675,416.07,410.5195,14348920
NVDA,2024-06-04,1157.16,1166.0,1140.45,1164.37,116.3713,403323976
SPY,2024-06-04,526.46,529.15,524.96,528.39,515.8284,34632700
AAPL,2024-06-05,195.4,196.9,194.87,195.87,194.3668,54156800
MSFT,2024-06-05,417.81,424.08,416.3,424.01,418.3536,16988039
NVDA,2024-06-05,1183.71,1224.495,1174.68,1224.4,122.3709,528401795
SPY,2024-06-05,530.77,534.69,528.73,534.67,521.9591,47610400
AAPL,2024-06-06,195.69,196.5,194.17,194.48,192.9874,41181800
MSFT,2024-06-06,424.01,425.31,420.58,424.52,418.8568,14861250
NVDA,2024-06-06,1240.48,1255.87,1183.2,1209.98,120.9298,664696163
SPY,2024-06-06,534.98,535.42,532.68,534.66,521.9493,30808500
AAPL,2024-06-07,194.65,196.94,194.14,196.89,195.3789,53103900
MSFT,2024-06-07,426.2,426.28,423.0,423.85,418.1957,13621650
NVDA,2024-06-07,1197.7,1216.917,1180.22,1208.88,120.8198,412385776
SPY,2024-06-07,533.66,536.89,532.54,534.01,521.3148,43224500
AAPL,2024-06-10,196.9,197.3,192.15,193.12,191.6379,97010200
MSFT,2024-06-10,424.7,428.08,423.89,427.87,422.1621,14003030
NVDA,2024-06-10,120.37,123.1,117.01,121.79,121.7213,314162688
SPY,2024-06-10,533.18,535.99,532.57,535.66,522.9255,35686100
AAPL,2024-06-11,193.65,207.16,193.63,207.15,205.5602,172373300
MSFT,2024-06-11,425.475,432.82,425.25,432.68,426.9079,14551100
NVDA,2024-06-11,121.77,122.87,118.74,120.91,120.8517,222551203
SPY,2024-06-11,534.07,537.01,532.05,536.95,524.1849,36383400
AAPL,2024-06-12,207.37,220.2,206.9,213.07,211.4348,198134300
MSFT,2024-06-12,435.32,443.4,433.25,441.06,435.1762,22366230
NVDA,2024-06-12,123.06,126.88,122.57,125.2,125.1397,299595000
SPY,2024-06-12,541.63,544.12,540.3,541.36,528.49,63251300
AAPL,2024-06-13,214.74,216.75,211.6,214.24,212.5958,97862700
MSFT,2024-06-13,440.85,443.39,439.37,441.58,435.6892,15960570
NVDA,2024-06-13,129.39,129.8,127.16,129.61,129.5475,260704500
SPY,2024-06-13,543.15,543.33,539.59,542.45,529.5541,44760900
AAPL,2024-06-14,213.85,215.17,211.3,212.49,210.8592,70122700
MSFT,2024-06-14,438.275,443.1376,436.721,442.57,436.666,13581990
NVDA,2024-06-14,129.96,132.84,128.32,131.88,131.8164,309320375
SPY,2024-06-14,540.88,542.81,539.85,542.78,529.8763,40089900
AAPL,2024-06-17,213.37,218.95,212.72,216.67,215.0071,93728300
MSFT,2024-06-17,442.585,450.94,440.72,448.37,442.3886,20790029
NVDA,2024-06-17,132.99,133.73,129.58,130.98,130.9169,288504375
SPY,2024-06-17,542.08,548.53,541.61,547.1,534.0936,55839500
AAPL,2024-06-18,217.59,218.63,213.0,214.29,212.6454,79943300
MSFT,2024-06-18,449.705,450.14,444.89,446.34,440.3857,17112500
NVDA,2024-06-18,131.14,136.33,130.69,135.58,135.5147,294335094
SPY,2024-06-18,547.16,548.62,546.73,548.49,535.4505,41376400
AAPL,2024-06-20,213.93,214.24,208.85,209.68,208.0708,86172500
MSFT,2024-06-20,446.3,446.53,441.27,445.7,439.7543,19877381
NVDA,2024-06-20,139.8,140.76,129.52,130.78,130.717,517768375
SPY,2024-06-20,549.44,550.12,545.18,547.0,533.9959,70328200
AAPL,2024-06-21,210.39,211.89,207.11,207.49,205.8976,241805100
MSFT,2024-06-21,447.38,450.58,446.51,449.78,443.7798,34486168
NVDA,2024-06-21,127.12,130.63,124.3,126.57,126.509,655484688
SPY,2024-06-21,544.4,545.65,543.02,544.51,533.28,64338600
AAPL,2024-06-24,207.72,212.7,206.59,208.14,206.5426,80727000
MSFT,2024-06-24,449.8,452.75,446.41,447.67,441.698,15913720
NVDA,2024-06-24,123.24,124.46,118.04,118.11,118.0531,476060906
SPY,2024-06-24,544.33,546.95,542.62,542.74,531.5465,45528700
AAPL,2024-06-25,209.15,211.38,208.61,209.07,207.4655,55549700
MSFT,2024-06-25,448.25,451.42,446.75,450.95,444.9342,16747529
NVDA,2024-06-25,121.2,126.5,119.32,126.09,126.0292,425787500
SPY,2024-06-25,543.99,545.2,542.44,544.83,533.5934,37936200
AAPL,2024-06-26,211.5,214.86,210.64,213.25,211.6134,66213200
MSFT,2024-06-26,449.0,453.6,448.19,452.16,446.1281,16507029
NVDA,2024-06-26,126.13,128.12,122.6,126.4,126.3391,362975906
SPY,2024-06-26,543.69,546.24,543.03,545.51,534.2594,38550600
AAPL,2024-06-27,214.69,215.74,212.35,214.1,212.4569,49772700
MSFT,2024-06-27,452.175,456.17,451.77,452.85,446.8089,14806320
NVDA,2024-06-27,124.1,126.41,122.92,123.99,123.9302,252571703
SPY,2024-06-27,545.37,546.96,544.61,546.37,535.1017,35041500
AAPL,2024-06-28,215.77,216.07,210.3,210.62,209.0036,82542700
MSFT,2024-06-28,453.07,455.38,446.41,446.95,440.9876,28362270
NVDA,2024-06-28,124.58,127.71,122.75,123.54,123.4805,315516719
SPY,2024-06-28,547.16,550.28,542.95,544.22,532.996,76144500
AAPL,2024-07-01,212.09,217.51,211.92,216.75,215.0865,60402900
MSFT,2024-07-01,448.66,457.37,445.66,456.73,450.6371,17662820
NVDA,2024-07-01,123.47,124.84,118.83,124.3,124.2401,284885500
SPY,2024-07-01,545.63,545.88,542.52,545.34,534.0929,40297800
AAPL,2024-07-02,216.15,220.38,215.1,220.27,218.5795,58046200
MSFT,2024-07-02,453.2,459.59,453.113,459.28,453.1531,13979780
NVDA,2024-07-02,121.13,123.41,121.03,122.67,122.6109,218374000
SPY,2024-07-02,543.7,549.01,543.65,549.01,537.6872,40434800
AAPL,2024-07-03,220.0,221.55,219.03,221.55,219.8497,37369800
MSFT,2024-07-03,458.19,461.02,457.88,460.77,454.6232,9932830
NVDA,2024-07-03,121.66,128.28,121.36,128.28,128.2182,215748984
SPY,2024-07-03,548.69,551.83,548.65,551.46,540.0867,32789900
AAPL,2024-07-05,221.65,226.45,221.65,226.34,224.6029,60412400
MSFT,2024-07-05,459.61,468.35,458.965,467.56,461.3226,16000290
NVDA,2024-07-05,127.38,128.85,125.68,125.83,125.7694,214176703
SPY,2024-07-05,551.77,555.05,551.12,554.64,543.2011,41488400
AAPL,2024-07-08,227.09,227.85,223.25,227.82,226.0716,59085900
MSFT,2024-07-08,466.55,467.7,464.46,466.24,460.0203,12962320
NVDA,2024-07-08,127.49,130.77,127.04,128.2,128.1382,237677297
SPY,2024-07-08,555.44,556.25,554.19,555.28,543.8279,36110500
AAPL,2024-07-09,227.93,229.4,226.37,228.68,226.925,48076100
MSFT,2024-07-09,467.0,467.33,458.0,459.54,453.4096,17228510
NVDA,2024-07-09,130.35,133.82,128.65,131.38,131.3167,287020812
SPY,2024-07-09,556.26,557.18,555.52,555.82,544.3568,27289700
AAPL,2024-07-10,229.3,233.08,229.25,232.98,231.192,62627700
MSFT,2024-07-10,461.22,466.46,458.855,466.25,460.0301,18196100
NVDA,2024-07-10,134.03,135.1,132.42,134.91,134.845,248978594
SPY,2024-07-10,557.07,561.67,556.77,561.32,549.7433,38701200
AAPL,2024-07-11,231.39,232.39,225.77,227.57,225.8235,64710600
MSFT,2024-07-11,462.98,464.78,451.55,454.7,448.6342,23111180
NVDA,2024-07-11,135.75,136.15,127.05,127.4,127.3386,374782688
SPY,2024-07-11,561.44,562.33,555.83,556.48,545.0032,53054200
AAPL,2024-07-12,228.92,232.64,228.68,230.54,228.7707,53046500
MSFT,2024-07-12,454.325,456.36,450.645,453.55,447.4995,16324270
NVDA,2024-07-12,128.26,131.92,127.22,129.24,129.1777,252680500
SPY,2024-07-12,557.63,563.67,557.15,559.99,548.4408,53084400
AAPL,2024-07-15,236.48,237.23,233.09,234.4,232.6011,62631300
MSFT,2024-07-15,453.3,457.26,451.43,453.96,447.9041,14429450
NVDA,2024-07-15,130.56,131.39,127.18,128.44,128.3781,208326203
SPY,2024-07-15,562.03,564.84,559.63,561.53,549.949,40584300
AAPL,2024-07-16,235.0,236.27,232.33,234.82,233.0178,43234300
MSFT,2024-07-16,454.22,454.3,446.66,449.52,443.5233,17175680
NVDA,2024-07-16,128.44,129.04,124.58,126.36,126.2991,214769500
SPY,2024-07-16,562.87,565.16,562.1,564.86,553.2103,36475300
AAPL,2024-07-17,229.45,231.46,226.64,228.88,227.1234,57345900
MSFT,2024-07-17,442.59,444.85,439.18,443.52,437.6033,21754020
NVDA,2024-07-17,121.35,121.85,116.72,117.99,117.9331,390086219
SPY,2024-07-17,558.8,560.51,556.61,556.94,545.4537,57119000
AAPL,2024-07-18,230.28,230.44,222.27,224.18,222.4595,66034600
MSFT,2024-07-18,444.34,444.65,434.4,440.37,434.4954,20794820
NVDA,2024-07-18,121.85,122.4,116.56,121.09,121.0316,320979500
SPY,2024-07-18,558.51,559.52,550.43,552.66,541.2619,56270400
AAPL,2024-07-19,224.82,226.8,223.28,224.31,222.5885,49151500
MSFT,2024-07-19,433.1,441.14,432.0,437.11,431.2789,20940420
NVDA,2024-07-19,120.35,121.6,117.37,117.93,117.8732,217223812
SPY,2024-07-19,552.42,554.08,547.91,548.99,537.6676,65509100
AAPL,2024-07-22,227.01,227.78,223.09,223.96,222.2412,48201800
MSFT,2024-07-22,441.79,444.6,438.9125,442.94,437.0311,15808760
NVDA,2024-07-22,120.35,124.07,119.86,123.54,123.4805,258068891
SPY,2024-07-22,553.0,555.27,551.02,554.65,543.2109,43346700
AAPL,2024-07-23,224.37,226.94,222.68,225.01,223.2831,39960300
MSFT,2024-07-23,443.895,448.39,443.1,444.85,438.9156,13107050
NVDA,2024-07-23,122.78,124.69,122.1,122.59,122.5309,173911016
SPY,2024-07-23,554.54,556.74,553.28,553.78,542.3588,34439600
AAPL,2024-07-24,224.0,224.8,217.13,218.54,216.8628,61777600
MSFT,2024-07-24,440.45,441.48,427.585,428.9,423.1784,26805801
NVDA,2024-07-24,119.17,119.95,113.44,114.25,114.1949,327776906
SPY,2024-07-24,548.86,549.17,540.29,541.23,530.0677,74515300
AAPL,2024-07-25,218.93,220.85,214.62,217.49,215.8208,51391200
MSFT,2024-07-25,428.8,429.8,417.51,418.4,412.8184,29943801
NVDA,2024-07-25,113.04,116.63,106.3,112.28,112.2259,460067000
SPY,2024-07-25,541.35,547.46,537.45,538.41,527.3058,61158300
AAPL,2024-07-26,218.7,219.49,216.01,217.96,216.2872,41601300
MSFT,2024-07-26,418.2,428.915,417.27,425.27,419.5968,23583840
NVDA,2024-07-26,116.19,116.2,111.58,113.06,113.0055,293399094
SPY,2024-07-26,542.28,547.19,541.49,544.44,533.2115,53763800
AAPL,2024-07-29,216.96,219.3,215.75,218.24,216.5651,36311800
MSFT,2024-07-29,431.58,432.15,424.7042,426.73,421.0373,15125840
NVDA,2024-07-29,113.69,116.28,111.3,111.59,111.5362,248152094
SPY,2024-07-29,546.02,547.05,542.72,544.76,533.5249,39515800
AAPL,2024-07-30,219.19,220.33,216.12,218.8,217.1208,41643800
MSFT,2024-07-30,427.72,429.05,417.36,422.92,417.2782,32687580
NVDA,2024-07-30,111.52,111.99,102.54,103.73,103.68,486833312
SPY,2024-07-30,546.26,547.34,538.52,542.0,530.8218,46853600
AAPL,2024-07-31,221.44,223.82,220.63,222.08,220.3756,50036300
MSFT,2024-07-31,420.495,421.775,412.21,418.35,412.7691,42891367
NVDA,2024-07-31,112.9,118.34,110.88,117.02,116.9636,473174219
SPY,2024-07-31,548.98,553.5,547.58,550.81,539.4501,65663400
AAPL,2024-08-01,224.37,224.48,217.02,218.36,216.6842,62501000
MSFT,2024-08-01,420.785,427.46,413.0901,417.11,411.5457,30296400
NVDA,2024-08-01,117.53,120.16,106.8104,109.21,109.1574,523462312
SPY,2024-08-01,552.57,554.87,539.43,543.01,531.811,76428700
AAPL,2024-08-02,219.15,225.6,217.71,219.86,218.1727,105568600
MSFT,2024-08-02,412.49,415.0,404.34,408.49,403.0406,29437900
NVDA,2024-08-02,103.76,108.72,101.37,107.27,107.2183,482027500
SPY,2024-08-02,535.75,536.99,528.6,532.9,521.9095,82789100
AAPL,2024-08-05,199.09,213.5,196.0,209.27,207.6639,119548600
MSFT,2024-08-05,389.17,401.04,385.58,395.15,389.8786,40709238
NVDA,2024-08-05,92.06,103.41,90.69,100.45,100.4016,552842375
SPY,2024-08-05,511.64,523.58,510.27,517.38,506.7096,146267400
AAPL,2024-08-06,205.3,209.99,201.07,207.23,205.6396,69660500
MSFT,2024-08-06,400.0,405.67,398.5,399.61,394.2791,24946529
NVDA,2024-08-06,103.84,107.71,100.55,104.25,104.1998,409012094
SPY,2024-08-06,519.22,529.75,517.87,522.15,511.3812,84826300
AAPL,2024-08-07,206.9,213.64,206.39,209.82,208.2097,63516400
MSFT,2024-08-07,408.635,410.08,397.47,398.43,393.1149,20650910
NVDA,2024-08-07,107.81,108.8,98.69,98.91,98.8623,411440375
SPY,2024-08-07,528.47,531.59,518.05,518.66,507.9632,70698300
AAPL,2024-08-08,213.11,214.2,208.83,213.31,211.6729,47161100
MSFT,2024-08-08,402.44,405.86,399.9407,402.69,397.318,20203029
NVDA,2024-08-08,102.0,105.5,97.52,104.97,104.9194,391910031
SPY,2024-08-08,523.91,531.29,521.84,530.65,519.7059,63276600
AAPL,2024-08-09,212.1,216.78,211.97,216.24,214.5804,42201600
MSFT,2024-08-09,404.03,408.05,402.2624,406.02,400.6036,19276670
NVDA,2024-08-09,105.64,106.6,103.43,104.75,104.6995,290844188
SPY,2024-08-09,529.81,534.51,528.56,532.99,521.9976,45619600
AAPL,2024-08-12,216.07,219.51,215.6,217.53,216.1104,38028100
MSFT,2024-08-12,407.06,408.76,404.2434,406.81,401.3831,16762881
NVDA,2024-08-12,106.32,111.07,106.26,109.02,108.9675,325559906
SPY,2024-08-12,534.21,535.73,530.95,533.27,522.2718,42542100
AAPL,2024-08-13,219.01,221.89,219.01,221.27,219.826,44155300
MSFT,2024-08-13,409.59,414.95,409.57,414.01,408.487,19414270
NVDA,2024-08-13,112.44,116.23,111.58,116.14,116.084,312646688
SPY,2024-08-13,536.53,542.28,536.28,542.04,530.861,52333100
AAPL,2024-08-14,220.57,223.03,219.7,221.72,220.273,41960600
MSFT,2024-08-14,414.8,417.72,412.4456,416.86,411.299,18266980
NVDA,2024-08-14,118.53,118.6,114.07,118.08,118.0231,339246406
SPY,2024-08-14,542.85,544.96,540.12,543.75,532.5357,42446900
AAPL,2024-08-15,224.6,225.35,222.76,224.72,223.2535,46414000
MSFT,2024-08-15,419.8,421.11,417.66,421.03,416.1621,20752141
NVDA,2024-08-15,118.76,123.24,117.47,122.86,122.8008,318086688
SPY,2024-08-15,549.5,553.36,548.88,553.07,541.6635,60846800
AAPL,2024-08-16,223.92,226.83,223.65,226.05,224.5748,44340200
MSFT,2024-08-16,420.6,421.34,417.3,418.47,413.6317,22775590
NVDA,2024-08-16,121.94,125.0,121.18,124.58,124.52,302589875
SPY,2024-08-16,551.42,555.02,551.26,554.31,542.8779,44430700
AAPL,2024-08-19,225.72,225.99,223.04,225.89,224.4158,40687800
MSFT,2024-08-19,418.96,421.75,416.46,421.53,416.6563,15233960
NVDA,2024-08-19,124.28,130.0,123.42,130.0,129.9373,318333594
SPY,2024-08-19,554.73,559.61,553.86,559.61,548.0686,39121800
AAPL,2024-08-20,225.77,227.17,225.45,226.51,225.0318,30299000
MSFT,2024-08-20,421.7,425.86,421.64,424.8,419.8885,16387580
NVDA,2024-08-20,128.4,129.88,125.89,127.25,127.1887,300087406
SPY,2024-08-20,559.15,560.84,557.33,558.7,547.1774,33732300
AAPL,2024-08-21,226.52,227.98,225.05,226.4,224.9225,34765500
MSFT,2024-08-21,424.075,426.4,421.72,424.14,419.2362,16067300
NVDA,2024-08-21,127.315,129.35,126.66,128.5,128.4381,257883594
SPY,2024-08-21,559.77,562.11,554.73,560.62,549.0578,41514600
AAPL,2024-08-22,227.79,228.34,223.9,224.53,223.0647,43695300
MSFT,2024-08-22,424.36,426.7899,414.61,415.55,410.7455,19361900
NVDA,2024-08-22,130.02,130.75,123.1,123.74,123.6804,376189094
SPY,2024-08-22,562.56,563.18,554.98,556.22,544.7485,56121500
AAPL,2024-08-23,225.66,228.22,224.33,226.84,225.3596,38677300
MSFT,2024-08-23,416.98,419.26,412.09,416.79,411.9711,18493779
NVDA,2024-08-23,125.86,129.6,125.22,129.37,129.3077,323230312
SPY,2024-08-23,559.53,563.09,557.29,562.13,550.5366,50639400
AAPL,2024-08-26,226.76,227.28,223.89,227.18,225.6974,30602200
MSFT,2024-08-26,416.365,417.2799,411.34,413.49,408.7093,13152830
NVDA,2024-08-26,129.57,131.26,124.37,126.46,126.3991,331964719
SPY,2024-08-26,563.18,563.91,559.05,560.79,549.2243,35788600
AAPL,2024-08-27,226.0,228.85,224.89,228.03,226.5419,35934600
MSFT,2024-08-27,412.86,414.36,410.25,413.84,409.0552,13492910
NVDA,2024-08-27,125.05,129.2,123.88,128.3,128.2382,303134594
SPY,2024-08-27,559.49,562.06,558.32,561.56,549.9784,32693900
AAPL,2024-08-28,227.92,229.86,225.68,226.49,225.0119,38052200
MSFT,2024-08-28,414.88,415.0,407.31,410.6,405.8527,14882660
NVDA,2024-08-28,128.12,128.33,122.64,125.61,125.5495,448101094
SPY,2024-08-28,561.21,561.65,555.04,558.3,546.7856,41066000
AAPL,2024-08-29,230.1,232.92,228.88,229.79,228.2904,51906300
MSFT,2024-08-29,414.94,422.05,410.6,413.12,408.3436,17045240
NVDA,2024-08-29,121.355,124.43,116.71,117.59,117.5333,453023281
SPY,2024-08-29,560.31,563.68,557.18,558.35,546.8346,38715200
AAPL,2024-08-30,230.19,230.4,227.48,229.0,227.5055,52990800
MSFT,2024-08-30,415.6,417.49,412.13,417.14,412.3171,24308320
NVDA,2024-08-30,119.53,121.75,117.22,119.37,119.3125,333751625
SPY,2024-08-30,560.77,564.2,557.14,563.68,552.0547,62700100
AAPL,2024-09-03,228.55,229.0,221.17,222.77,221.3162,50190600
MSFT,2024-09-03,417.91,419.88,407.03,409.44,404.7061,20294500
NVDA,2024-09-03,116.01,116.21,107.29,108.0,107.948,474972000
SPY,2024-09-03,560.47,560.81,549.51,552.08,540.6939,60600100
AAPL,2024-09-04,221.66,221.78,217.48,220.85,219.4087,43840200
MSFT,2024-09-04,405.91,411.24,404.37,408.9,404.1724,15135810
NVDA,2024-09-04,105.41,113.27,104.12,106.21,106.1588,372470312
SPY,2024-09-04,550.2,554.43,549.46,550.95,539.5872,47224900
AAPL,2024-09-05,221.63,225.48,221.52,222.38,220.9287,36615400
MSFT,2024-09-05,407.62,413.1,406.13,408.39,403.6682,14195520
NVDA,2024-09-05,104.985,109.65,104.76,107.21,107.1583,306850688
SPY,2024-09-05,550.89,553.8,547.1,549.61,538.2748,44264300
AAPL,2024-09-06,223.95,225.24,219.77,220.82,219.3789,48423000
MSFT,2024-09-06,409.06,410.65,400.8,401.7,397.0556,19609529
NVDA,2024-09-06,108.04,108.15,100.95,102.83,102.7804,413638125
SPY,2024-09-06,549.94,551.6,539.44,540.36,529.2156,68493800
AAPL,2024-09-09,220.82,221.27,216.71,220.91,219.4683,67180000
MSFT,2024-09-09,407.24,408.65,402.15,405.72,401.0291,15295130
NVDA,2024-09-09,104.88,106.55,103.69,106.47,106.4187,273912000
SPY,2024-09-09,544.65,547.71,542.68,546.41,535.1408,40445800
AAPL,2024-09-10,218.92,221.48,216.73,220.11,218.6735,51591000
MSFT,2024-09-10,408.2,416.33,407.7,414.2,409.4111,19594289
NVDA,2024-09-10,107.81,109.4,104.95,108.1,108.0479,268283688
SPY,2024-09-10,548.36,549.15,543.38,548.79,537.4718,36394600
AAPL,2024-09-11,221.46,223.09,217.89,222.66,221.2069,44587100
MSFT,2024-09-11,415.5,423.99,409.58,423.04,418.1489,19266920
NVDA,2024-09-11,109.39,117.19,107.42,116.91,116.8537,441422406
SPY,2024-09-11,548.7,555.36,539.96,554.42,542.9856,75248600
AAPL,2024-09-12,222.5,223.55,219.82,222.77,221.3162,37455600
MSFT,2024-09-12,423.31,427.3692,419.75,427.0,422.0631,17418760
NVDA,2024-09-12,116.84,120.79,115.38,119.14,119.0928,367100500
SPY,2024-09-12,555.01,559.4,552.74,559.09,547.5593,51819600
AAPL,2024-09-13,223.58,224.04,221.91,222.5,221.048,36766600
MSFT,2024-09-13,425.825,431.83,425.46,430.59,425.6116,15874560
NVDA,2024-09-13,119.08,119.955,117.6,119.1,119.0528,238358297
SPY,2024-09-13,559.71,563.03,559.45,562.01,550.4191,39310500
AAPL,2024-09-16,216.54,217.22,213.92,216.32,214.9083,59357400
MSFT,2024-09-16,430.6,433.53,428.22,431.34,426.3529,13834700
NVDA,2024-09-16,116.79,118.18,114.36,116.78,116.7337,248772297
SPY,2024-09-16,561.74,563.11,559.9,562.84,551.232,36656100
AAPL,2024-09-17,215.75,216.9,214.5,216.79,215.3752,45519300
MSFT,2024-09-17,440.23,441.85,432.27,435.15,430.1189,18874230
NVDA,2024-09-17,118.17,118.8,114.83,115.59,115.5442,231925906
SPY,2024-09-17,565.1,566.58,560.79,563.07,551.4572,49321000
AAPL,2024-09-18,217.55,222.71,217.54,220.69,219.2498,59894900
MSFT,2024-09-18,435.0,436.03,430.41,430.81,425.829,18898039
NVDA,2024-09-18,115.89,117.7,113.22,113.37,113.3251,310318906
SPY,2024-09-18,563.74,568.69,560.83,561.4,549.8217,59044900
AAPL,2024-09-19,224.99,229.82,224.63,228.87,227.3764,66781300
MSFT,2024-09-19,441.225,441.5,436.9,438.69,433.6179,21706561
NVDA,2024-09-19,117.35,119.66,117.25,117.87,117.8233,293506406
SPY,2024-09-19,571.01,572.88,568.08,570.98,559.2041,75315500
AAPL,2024-09-20,229.97,233.09,227.62,228.2,226.7108,318679900
MSFT,2024-09-20,437.22,439.24,434.22,435.27,430.2375,55167113
NVDA,2024-09-20,117.06,118.6181,115.3901,116.0,115.954,382462406
SPY,2024-09-20,567.84,569.31,565.17,568.25,558.2375,77503100
AAPL,2024-09-23,227.34,229.45,225.81,226.47,224.992,54146000
MSFT,2024-09-23,434.28,436.46,430.3889,433.51,428.4978,15128890
NVDA,2024-09-23,116.55,116.99,114.86,116.26,116.2139,206228500
SPY,2024-09-23,569.34,570.33,568.1,569.67,559.6324,44116900
AAPL,2024-09-24,228.65,229.35,225.73,227.37,225.8862,43556100
MSFT,2024-09-24,433.0,433.35,426.1,429.17,424.208,17015750
NVDA,2024-09-24,116.515,121.8,115.38,120.87,120.8221,354966781
SPY,2024-09-24,570.48,571.36,567.6,571.3,561.2337,46805700
AAPL,2024-09-25,224.93,227.29,224.02,226.37,224.8927,42308700
MSFT,2024-09-25,429.83,433.119,428.57,432.11,427.114,13396360
NVDA,2024-09-25,122.02,124.94,121.61,123.51,123.461,284692906
SPY,2024-09-25,571.14,571.89,568.91,570.04,559.9959,38428600
AAPL,2024-09-26,227.3,228.5,225.41,227.52,226.0352,36636700
MSFT,2024-09-26,435.085,435.3,429.13,431.31,426.3233,14492040
NVDA,2024-09-26,126.8,127.665,121.8,124.04,123.9908,302582906
SPY,2024-09-26,574.38,574.71,569.9,572.3,562.2161,48336000
AAPL,2024-09-27,228.46,229.52,227.3,227.79,226.3034,34026000
MSFT,2024-09-27,431.52,431.85,427.47,428.02,423.0713,14896130
NVDA,2024-09-27,123.97,124.03,119.26,121.4,121.3519,271009219
SPY,2024-09-27,573.39,574.22,570.42,571.47,561.4007,42100900
AAPL,2024-09-30,230.04,233.0,229.65,233.0,231.4794,54541900
MSFT,2024-09-30,428.21,430.42,425.37,430.3,425.3249,16854609
NVDA,2024-09-30,118.31,121.5,118.15,121.44,121.3919,227053703
SPY,2024-09-30,570.42,574.38,568.08,573.76,563.6504,63557400
AAPL,2024-10-01,229.52,229.65,223.74,226.21,224.7337,63285000
MSFT,2024-10-01,428.45,428.48,418.81,420.69,415.826,19092949
NVDA,2024-10-01,121.765,122.4351,115.79,117.0,116.9536,302094500
SPY,2024-10-01,573.4,574.06,566.0,568.62,558.6009,72668800
AAPL,2024-10-02,225.89,227.37,223.02,226.78,225.3,32880600
MSFT,2024-10-02,422.58,422.82,416.71,417.13,412.3072,16582260
NVDA,2024-10-02,116.44,119.38,115.14,118.85,118.8029,221845906
SPY,2024-10-02,567.71,569.9,565.27,568.86,558.8367,38097800
AAPL,2024-10-03,225.14,226.81,223.32,225.67,224.1973,34044200
MSFT,2024-10-03,417.63,419.55,414.29,416.54,411.724,13686420
NVDA,2024-10-03,120.92,124.36,120.3401,122.85,122.8013,277118031
SPY,2024-10-03,567.36,569.8,565.49,567.82,557.815,40846500
AAPL,2024-10-04,227.9,228.0,224.13,226.8,225.3199,37245100
MSFT,2024-10-04,418.24,419.75,414.97,416.06,411.2496,19190910
NVDA,2024-10-04,124.94,125.04,121.83,124.92,124.8705,244465594
SPY,2024-10-04,572.35,573.36,568.1,572.98,562.8841,42939100
AAPL,2024-10-07,224.5,225.69,221.33,221.69,220.2432,39505400
MSFT,2024-10-07,416.0,417.11,409.0,409.54,404.805,20919760
NVDA,2024-10-07,124.99,130.64,124.95,127.72,127.6694,346250219
SPY,2024-10-07,571.3,571.96,566.63,567.8,557.7954,49964700
AAPL,2024-10-08,224.3,225.98,223.25,225.77,224.2966,31855700
MSFT,2024-10-08,410.9,415.66,408.17,414.71,409.9152,19229260
NVDA,2024-10-08,130.26,133.48,129.42,132.89,132.8373,285722500
SPY,2024-10-08,570.42,573.78,569.53,573.17,563.0708,37398700
AAPL,2024-10-09,225.23,229.75,224.83,229.54,228.042,33591100
MSFT,2024-10-09,415.86,420.38,414.3,417.46,412.6334,14974260
NVDA,2024-10-09,134.11,134.52,131.38,132.65,132.5974,246191594
SPY,2024-10-09,573.16,577.71,572.55,577.14,566.9708,37912200
AAPL,2024-10-10,227.78,229.5,227.17,229.04,227.5453,28183500
MSFT,2024-10-10,415.225,417.35,413.15,415.84,411.0321,13848380
NVDA,2024-10-10,131.91,135.0,131.0,134.81,134.7566,242311297
SPY,2024-10-10,575.77,577.58,574.49,576.13,565.9786,44138100
AAPL,2024-10-11,229.3,229.41,227.34,227.55,226.065,31759200
MSFT,2024-10-11,416.135,417.13,413.25,416.32,411.5066,14144940
NVDA,2024-10-11,134.01,135.78,133.66,134.8,134.7466,170209500
SPY,2024-10-11,576.05,580.33,575.91,579.58,569.3678,42268000
AAPL,2024-10-14,228.7,231.73,228.6,231.3,229.7905,39882100
MSFT,2024-10-14,417.77,424.04,417.52,419.14,414.294,16653090
NVDA,2024-10-14,136.47,139.6,136.3,138.07,138.0153,232347703
SPY,2024-10-14,581.22,585.27,580.73,584.32,574.0243,36217200
AAPL,2024-10-15,233.61,237.49,232.37,233.85,232.3239,64751400
MSFT,2024-10-15,422.18,422.48,415.26,418.74,413.8986,18900199
NVDA,2024-10-15,137.87,138.57,128.74,131.6,131.5478,377831000
SPY,2024-10-15,584.59,584.9,578.54,579.78,569.5643,54203600
AAPL,2024-10-16,231.6,232.12,229.84,231.78,230.2674,34082200
MSFT,2024-10-16,415.17,416.36,410.48,416.12,411.3089,15508930
NVDA,2024-10-16,133.98,136.62,131.58,135.72,135.6662,264879688
SPY,2024-10-16,579.78,582.83,578.96,582.3,572.0399,30725400
AAPL,2024-10-17,233.43,233.85,230.52,232.15,230.635,32993800
MSFT,2024-10-17,422.36,422.5,415.59,416.72,411.9019,14820000
NVDA,2024-10-17,139.34,140.89,136.87,136.93,136.8757,306435906
SPY,2024-10-17,585.91,586.12,582.16,582.35,572.089,34393700
AAPL,2024-10-18,236.18,236.18,234.01,235.0,233.4664,46431500
MSFT,2024-10-18,417.14,419.65,416.2601,418.16,413.3253,17145320
NVDA,2024-10-18,138.665,138.9,137.28,138.0,137.9453,176090203
SPY,2024-10-18,584.07,585.39,582.58,584.59,574.2895,37416800
AAPL,2024-10-21,234.45,236.85,234.45,236.48,234.9367,36254500
MSFT,2024-10-21,416.12,418.96,413.7501,418.78,413.9381,14206120
NVDA,2024-10-21,138.13,143.71,138.0,143.71,143.653,264554500
SPY,2024-10-21,583.85,584.85,580.6,583.63,573.3465,36439000
AAPL,2024-10-22,233.89,236.22,232.6,235.86,234.3208,38846600
MSFT,2024-10-22,418.49,430.5793,418.04,427.51,422.5672,25482199
NVDA,2024-10-22,142.91,144.42,141.78,143.59,143.5331,226311594
SPY,2024-10-22,581.05,584.5,580.38,583.32,573.0419,34183800
AAPL,2024-10-23,234.08,235.14,227.76,230.76,229.254,52287000
MSFT,2024-10-23,430.855,431.08,422.53,424.6,419.6908,19654381
NVDA,2024-10-23,142.03,142.43,137.46,139.56,139.5047,285929969
SPY,2024-10-23,581.26,581.71,574.42,577.99,567.8058,49314600
AAPL,2024-10-24,229.98,230.82,228.41,230.57,229.0653,31109500
MSFT,2024-10-24,425.325,425.9782,422.4,424.73,419.8193,13581630
NVDA,2024-10-24,140.82,141.35,138.46,140.41,140.3543,172354891
SPY,2024-10-24,579.98,580.06,576.57,579.24,569.0338,34979900
AAPL,2024-10-25,229.74,233.22,229.57,231.41,229.8998,38802300
MSFT,2024-10-25,426.76,432.52,426.565,428.15,423.1998,16899061
NVDA,2024-10-25,140.93,144.13,140.8,141.54,141.4839,205122094
SPY,2024-10-25,581.51,584.46,578.08,579.04,568.8373,47268200
AAPL,2024-10-28,233.32,234.73,232.55,233.4,231.8768,36087100
MSFT,2024-10-28,431.655,431.94,426.3,426.59,421.6578,14882440
NVDA,2024-10-28,143.0,143.14,140.05,140.52,140.4643,173586703
SPY,2024-10-28,582.58,582.71,580.52,580.83,570.5958,30174700
AAPL,2024-10-29,233.1,234.33,232.32,233.67,232.1451,35417200
MSFT,2024-10-29,428.0,433.17,425.8001,431.95,426.9559,17644080
NVDA,2024-10-29,140.285,142.2598,138.9,141.25,141.194,157593594
SPY,2024-10-29,579.85,582.91,578.43,581.77,571.5192,42899700
AAPL,2024-10-30,232.61,233.47,229.55,230.1,228.5984,47070900
MSFT,2024-10-30,437.435,438.5,432.1,432.53,427.5291,29749150
NVDA,2024-10-30,139.54,140.33,136.81,139.335,139.2798,179418094
SPY,2024-10-30,581.29,583.32,579.29,580.01,569.7902,41435800
AAPL,2024-10-31,229.34,229.83,225.37,225.91,224.4357,64370100
MSFT,2024-10-31,415.36,416.16,406.3,406.35,401.6518,53970980
NVDA,2024-10-31,137.6,137.61,132.1106,132.76,132.7074,270039625
SPY,2024-10-31,575.56,575.63,568.44,568.64,558.6206,60182500
AAPL,2024-11-01,220.97,225.35,220.27,222.91,221.4553,65276700
MSFT,2024-11-01,409.01,415.5,407.5,410.37,405.6254,24230439
NVDA,2024-11-01,134.7,137.31,134.57,135.4,135.3463,207127812
SPY,2024-11-01,571.32,575.55,570.62,571.04,560.9783,45667500
AAPL,2024-11-04,220.99,222.79,219.71,222.01,220.5611,44944500
MSFT,2024-11-04,409.8,410.415,405.5713,408.46,403.7374,19672289
NVDA,2024-11-04,137.21,138.96,135.57,136.05,135.9961,187528188
SPY,2024-11-04,571.18,572.5,567.89,569.81,559.77,38217000
AAPL,2024-11-05,221.8,223.95,221.14,223.45,221.9918,28111300
MSFT,2024-11-05,408.37,414.9,408.08,411.46,406.7028,17626010
NVDA,2024-11-05,137.45,140.3701,137.33,139.91,139.8545,160537406
SPY,2024-11-05,570.74,576.74,570.52,576.7,566.5386,39478300
AAPL,2024-11-06,222.61,226.07,221.19,222.72,221.2665,54561100
MSFT,2024-11-06,412.42,420.45,410.52,420.18,415.3219,26681840
NVDA,2024-11-06,142.96,146.49,141.96,145.61,145.5523,242043906
SPY,2024-11-06,589.2,591.93,585.39,591.04,580.6259,68182000
AAPL,2024-11-07,224.63,227.88,224.57,227.48,225.9955,42137700
MSFT,2024-11-07,421.28,426.85,419.88,425.43,420.5112,19901779
NVDA,2024-11-07,146.39,148.93,146.17,148.88,148.821,207323297
SPY,2024-11-07,593.08,596.65,593.0,595.61,585.1154,47233200
AAPL,2024-11-08,227.17,228.66,226.41,226.96,225.7269,38328800
MSFT,2024-11-08,425.32,426.5,421.78,422.54,417.6546,16891410
NVDA,2024-11-08,148.77,149.77,146.26,147.63,147.5715,175665797
SPY,2024-11-08,596.17,599.64,596.17,598.19,587.6499,46444900
AAPL,2024-11-11,225.0,225.7,221.5,224.23,223.0118,42005600
MSFT,2024-11-11,422.515,424.81,416.0,418.01,413.177,24503320
NVDA,2024-11-11,148.68,148.85,143.57,145.26,145.2024,182325594
SPY,2024-11-11,599.81,600.17,597.0,598.76,588.2099,37586800
AAPL,2024-11-12,224.55,225.59,223.36,224.23,223.0118,40398300
MSFT,2024-11-12,418.25,424.44,417.2,423.03,418.139,19401199
NVDA,2024-11-12,146.78,149.65,146.01,148.29,148.2312,198634703
SPY,2024-11-12,598.68,599.29,594.37,596.9,586.3826,43006100
AAPL,2024-11-13,224.01,226.65,222.76,225.12,223.8969,48566200
MSFT,2024-11-13,421.64,429.325,418.21,425.2,420.2839,21502189
NVDA,2024-11-13,149.07,149.33,145.9,146.27,146.212,191903297
SPY,2024-11-13,597.37,599.23,594.96,597.19,586.6675,47388600
AAPL,2024-11-14,225.02,228.87,225.0,228.22,226.9801,44923900
MSFT,2024-11-14,425.0,428.17,420.0,426.89,421.9544,30246881
NVDA,2024-11-14,147.64,149.0,145.55,146.76,146.7018,194463297
SPY,2024-11-14,597.32,597.81,592.65,593.35,582.8952,38904100
AAPL,2024-11-15,226.4,226.92,224.27,225.0,223.7776,47923700
MSFT,2024-11-15,419.82,422.8,413.64,415.0,410.2018,28247641
NVDA,2024-11-15,144.87,145.24,140.08,141.98,141.9237,250132891
SPY,2024-11-15,589.72,590.2,583.86,585.75,575.4291,75988800
AAPL,2024-11-18,225.25,229.74,225.17,228.02,226.7812,44633700
MSFT,2024-11-18,414.87,418.4037,412.1,415.76,410.953,24742010
NVDA,2024-11-18,139.5,141.55,137.15,140.15,140.0944,221866000
SPY,2024-11-18,586.22,589.49,585.34,588.15,577.7868,37001700
AAPL,2024-11-19,226.98,230.16,226.66,228.28,227.0397,36211800
MSFT,2024-11-19,413.11,417.94,411.55,417.79,412.9596,18133529
NVDA,2024-11-19,141.32,147.13,140.99,147.01,146.9517,227834891
SPY,2024-11-19,584.71,591.04,584.03,590.3,579.8989,49412000
AAPL,2024-11-20,228.06,229.93,225.89,229.0,227.7558,35169600
MSFT,2024-11-20,416.87,417.29,410.58,415.49,410.6862,19191660
NVDA,2024-11-20,147.41,147.56,142.73,145.89,145.8322,309871719
SPY,2024-11-20,590.38,590.79,584.63,590.5,580.0954,50032600
AAPL,2024-11-21,228.88,230.16,225.71,228.52,227.2784,42108300
MSFT,2024-11-21,419.5,419.78,410.2887,412.87,408.9133,20780160
NVDA,2024-11-21,149.35,152.89,140.7,146.67,146.6119,400946594
SPY,2024-11-21,593.4,595.12,587.45,593.67,583.2096,46750300
AAPL,2024-11-22,228.06,230.72,228.06,229.87,228.6211,38168300
MSFT,2024-11-22,411.365,417.4,411.06,417.0,413.0037,24814631
NVDA,2024-11-22,145.93,147.16,141.1,141.95,141.8937,236406203
SPY,2024-11-22,593.66,596.15,593.15,595.51,585.0171,38226400
AAPL,2024-11-25,231.46,233.25,229.74,232.87,231.6048,90152800
MSFT,2024-11-25,418.38,421.08,414.85,418.79,414.7766,27691090
NVDA,2024-11-25,141.99,142.05,135.82,136.02,135.9661,344941875
SPY,2024-11-25,599.52,600.86,595.2,597.53,587.0015,42441400
AAPL,2024-11-26,233.33,235.57,233.33,235.06,233.7829,45986200
MSFT,2024-11-26,419.585,429.0414,418.85,427.99,423.8884,23458891
NVDA,2024-11-26,137.7,139.3,135.67,136.92,136.8657,190287703
SPY,2024-11-26,598.8,601.33,598.07,600.65,590.0666,45621300
AAPL,2024-11-27,234.47,235.69,233.81,234.93,233.6536,33498400
MSFT,2024-11-27,425.105,427.2299,422.02,422.99,418.9363,18332439
NVDA,2024-11-27,135.01,137.22,131.8,135.34,135.2863,226370891
SPY,2024-11-27,600.46,600.85,597.28,598.83,588.2786,34000200
AAPL,2024-11-29,234.81,237.81,233.97,237.33,236.0406,28481400
MSFT,2024-11-29,420.09,424.8849,417.8,423.46,419.4018,16271920
NVDA,2024-11-29,136.78,139.35,136.05,138.25,138.1952,141863203
SPY,2024-11-29,599.66,603.35,599.38,602.55,591.9331,30177400
AAPL,2024-12-02,237.27,240.79,237.16,239.59,238.2883,48137100
MSFT,2024-12-02,421.57,433.0,421.31,430.98,426.8498,20207221
NVDA,2024-12-02,138.83,140.45,137.825,138.63,138.575,171682797
SPY,2024-12-02,602.97,604.32,602.47,603.63,592.9941,31746000
AAPL,2024-12-03,239.81,242.76,238.9,242.65,241.3317,38861000
MSFT,2024-12-03,429.84,432.47,427.74,431.2,427.0677,18301990
NVDA,2024-12-03,138.26,140.54,137.95,140.26,140.2044,164414000
SPY,2024-12-03,603.39,604.16,602.34,603.91,593.2691,26906600
AAPL,2024-12-04,242.87,244.11,241.25,243.01,241.6897,44383900
MSFT,2024-12-04,433.03,439.67,432.63,437.42,433.228,26009430
NVDA,2024-12-04,141.995,145.79,140.29,145.14,145.0825,231224297
SPY,2024-12-04,605.63,607.91,604.95,607.66,596.953,42787600
AAPL,2024-12-05,243.99,244.54,242.13,243.04,241.7196,40033900
MSFT,2024-12-05,437.92,444.66,436.171,442.62,438.3782,21697779
NVDA,2024-12-05,145.11,146.54,143.95,145.06,145.0125,172621203
SPY,2024-12-05,607.66,608.48,606.3,606.66,595.9707,28762200
AAPL,2024-12-06,242.91,244.63,242.08,242.84,241.5206,36870600
MSFT,2024-12-06,442.3,446.1,441.7703,443.57,439.3191,18821000
NVDA,2024-12-06,144.6,145.7,141.31,142.44,142.3933,188505594
SPY,2024-12-06,607.44,609.07,607.02,607.81,597.1004,31241500
AAPL,2024-12-09,241.83,247.24,241.75,246.75,245.4094,44649200
MSFT,2024-12-09,442.6,448.33,440.5,446.02,441.7456,19144391
NVDA,2024-12-09,138.97,139.95,137.13,138.81,138.7645,189308609
SPY,2024-12-09,607.69,607.86,604.08,604.68,594.0256,34742700
AAPL,2024-12-10,246.89,248.21,245.34,247.77,246.4239,36914800
MSFT,2024-12-10,444.39,449.62,441.6,443.33,439.0814,18469461
NVDA,2024-12-10,139.01,141.82,133.79,135.07,135.0258,210020891
SPY,2024-12-10,605.37,605.8,602.13,602.8,592.1787,37234500
AAPL,2024-12-11,247.96,250.8,246.26,246.49,245.1508,45205800
MSFT,2024-12-11,444.05,450.35,444.05,448.99,444.6872,19200211
NVDA,2024-12-11,137.36,140.17,135.21,139.31,139.2644,184905203
SPY,2024-12-11,605.78,608.43,605.5,607.46,596.7566,28677700
AAPL,2024-12-12,246.89,248.74,245.68,247.96,246.6128,32777500
MSFT,2024-12-12,449.11,456.1648,449.11,449.56,445.2517,20834779
NVDA,2024-12-12,137.08,138.44,135.8,137.34,137.295,159211391
SPY,2024-12-12,606.58,607.16,604.33,604.33,593.6817,31543800
AAPL,2024-12-13,247.82,249.29,246.24,248.13,246.7819,33155300
MSFT,2024-12-13,448.435,451.43,445.58,447.27,442.9836,20177830
NVDA,2024-12-13,138.94,139.6,132.54,134.25,134.206,231514891
SPY,2024-12-13,606.4,607.13,602.81,604.21,593.5638,35904700
AAPL,2024-12-16,247.99,251.38,247.65,251.04,249.6761,51694800
MSFT,2024-12-16,447.27,452.18,445.28,451.59,447.2622,23598830
NVDA,2024-12-16,134.18,134.4,130.42,132.0,131.9568,237951109
SPY,2024-12-16,606.0,607.78,605.21,606.79,596.0984,43695200
AAPL,2024-12-17,250.08,253.83,249.78,253.48,252.1028,51356400
MSFT,2024-12-17,451.01,455.29,449.57,454.46,450.1047,22733490
NVDA,2024-12-17,129.09,131.59,126.86,130.39,130.3473,259410297
SPY,2024-12-17,604.19,605.17,602.89,604.29,593.6424,55773500
AAPL,2024-12-18,252.16,254.28,247.74,248.05,246.7023,56774100
MSFT,2024-12-18,451.32,452.65,437.02,437.39,433.1983,24444551
NVDA,2024-12-18,133.86,136.7,128.28,128.91,128.8678,277444500
SPY,2024-12-18,603.98,606.41,585.89,586.28,575.9498,108248700
AAPL,2024-12-19,247.5,252.0,247.09,249.79,248.4329,60882300
MSFT,2024-12-19,441.62,443.1834,436.32,437.03,432.8418,22963680
NVDA,2024-12-19,131.76,134.03,129.55,130.68,130.6372,209719203
SPY,2024-12-19,591.36,593.0,585.85,586.1,575.7729,85919500
AAPL,2024-12-20,248.04,255.0,245.69,254.49,253.1073,147495300
MSFT,2024-12-20,433.11,443.74,428.63,436.6,432.4159,64263688
NVDA,2024-12-20,129.81,135.28,128.22,134.7,134.6559,306528594
SPY,2024-12-20,581.77,595.75,580.91,591.15,582.6881,125716700
AAPL,2024-12-23,254.77,255.65,253.45,255.27,253.8831,40858800
MSFT,2024-12-23,436.74,437.65,432.83,435.25,431.0788,19152520
NVDA,2024-12-23,136.28,139.79,135.1201,139.67,139.6242,176053500
SPY,2024-12-23,590.89,595.3,587.66,594.69,586.1774,57635800
AAPL,2024-12-24,255.49,258.21,255.29,258.2,256.7972,23234700
MSFT,2024-12-24,434.65,439.6,434.19,439.33,435.1197,7164543
NVDA,2024-12-24,140.0,141.9,138.65,140.22,140.1741,105157000
SPY,2024-12-24,596.06,601.34,595.47,601.3,592.6928,33160100
AAPL,2024-12-26,258.19,260.1,257.63,259.02,257.6127,27237100
MSFT,2024-12-26,439.08,440.94,436.63,438.11,433.9114,8199927
NVDA,2024-12-26,139.7,140.85,137.73,139.93,139.8842,116519102
SPY,2024-12-26,599.5,602.48,598.08,601.34,592.7322,41219100
AAPL,2024-12-27,257.83,258.7,253.06,255.59,254.2014,42355300
MSFT,2024-12-27,434.6,435.22,426.35,430.53,426.4041,18117711
NVDA,2024-12-27,138.55,139.02,134.71,137.01,136.9651,170582594
SPY,2024-12-27,597.54,597.78,590.76,595.01,586.4928,64969300
AAPL,2024-12-30,252.23,253.5,250.75,252.2,250.8298,35557500
MSFT,2024-12-30,426.06,427.55,421.9,424.83,420.7587,13158700
NVDA,2024-12-30,134.83,140.27,134.02,137.49,137.445,167734703
SPY,2024-12-30,587.89,591.74,584.41,588.22,579.8,56578800
AAPL,2024-12-31,252.44,253.28,249.43,250.42,249.0595,39480700
MSFT,2024-12-31,426.1,426.73,420.66,421.5,417.4606,13246510
NVDA,2024-12-31,138.03,138.07,133.83,134.29,134.246,155659203
SPY,2024-12-31,589.91,590.64,584.42,586.08,577.6906,57052700
AAPL,2025-01-02,248.93,249.1,241.82,243.85,242.5252,55740700
MSFT,2025-01-02,425.53,426.07,414.85,418.58,414.5686,16896471
NVDA,2025-01-02,136.0,138.88,134.63,138.31,138.2647,198247203
SPY,2025-01-02,589.39,591.13,580.5,584.64,576.2712,50204000
AAPL,2025-01-03,243.36,244.18,241.89,243.36,242.0378,40244100
MSFT,2025-01-03,421.08,424.03,419.54,423.35,419.2929,16662939
NVDA,2025-01-03,140.01,144.9,139.73,144.47,144.4227,229322500
SPY,2025-01-03,587.53,592.6,586.43,591.95,583.4766,37888500
AAPL,2025-01-06,244.31,247.33,243.2,245.0,243.6689,45045600
MSFT,2025-01-06,428.0,434.32,425.4774,427.85,423.7498,20573650
NVDA,2025-01-06,148.59,152.156,147.8201,149.43,149.3811,265377406
SPY,2025-01-06,596.27,599.7,593.6,595.36,586.8378,47679400
AAPL,2025-01-07,242.98,245.55,241.35,242.21,240.8941,40856000
MSFT,2025-01-07,429.0,430.65,420.8,422.37,418.3223,18139070
NVDA,2025-01-07,153.03,153.13,140.01,140.14,140.0941,351782219
SPY,2025-01-07,597.42,597.75,586.78,588.63,580.2041,60393100
AAPL,2025-01-08,241.92,243.71,240.05,242.7,241.3814,37628900
MSFT,2025-01-08,423.46,426.97,421.54,424.56,420.4913,15054580
NVDA,2025-01-08,142.58,143.95,137.56,140.11,140.0641,227349906
SPY,2025-01-08,588.7,590.58,585.2,589.49,581.0518,47304700
AAPL,2025-01-10,240.01,240.16,233.0,236.85,235.5632,61710900
MSFT,2025-01-10,424.63,424.71,415.02,418.95,414.935,20201131
NVDA,2025-01-10,137.45,139.92,134.22,135.91,135.8655,207602500
SPY,2025-01-10,585.88,585.95,578.55,580.49,572.1807,73105000
AAPL,2025-01-13,233.53,234.67,229.72,234.4,233.1265,49630700
MSFT,2025-01-13,415.235,418.5,412.29,417.19,413.1919,17604779
NVDA,2025-01-13,129.99,133.49,129.51,133.23,133.1864,204808891
SPY,2025-01-13,575.77,581.75,575.35,581.39,573.0678,47910100
AAPL,2025-01-14,234.75,236.12,232.47,233.28,232.0126,39435300
MSFT,2025-01-14,417.81,419.74,410.72,415.67,411.6865,16935859
NVDA,2025-01-14,136.05,136.38,130.05,131.76,131.7168,195590500
SPY,2025-01-14,584.36,585.0,578.35,582.19,573.8563,48420600
AAPL,2025-01-15,234.64,238.96,234.43,237.87,236.5776,39832000
MSFT,2025-01-15,419.13,428.15,418.265,426.31,422.2245,19637840
NVDA,2025-01-15,133.65,136.45,131.29,136.24,136.1954,185217297
SPY,2025-01-15,590.33,593.94,589.2,592.78,584.2947,56900200
AAPL,2025-01-16,237.35,238.01,228.03,228.26,227.0199,71759100
MSFT,2025-01-16,428.695,429.49,424.39,424.58,420.5111,15300020
NVDA,2025-01-16,138.64,138.75,133.49,133.57,133.5262,209235594
SPY,2025-01-16,594.17,594.35,590.93,591.64,583.171,43319700
AAPL,2025-01-17,232.12,232.29,228.48,229.98,228.7305,68488300
MSFT,2025-01-17,434.085,434.48,428.17,429.03,424.9184,26197510
NVDA,2025-01-17,136.69,138.5,135.4649,137.71,137.6649,201188797
SPY,2025-01-17,596.96,599.36,595.61,597.58,589.026,58070600
AAPL,2025-01-21,224.0,224.42,219.38,222.64,221.4304,98070400
MSFT,2025-01-21,430.2,430.8999,425.595,428.5,424.3935,26085699
NVDA,2025-01-21,139.16,141.83,137.09,140.83,140.7839,197748984
SPY,2025-01-21,600.67,603.06,598.67,603.05,594.4177,42532900
AAPL,2025-01-22,219.79,224.12,219.79,223.83,222.6139,64126500
MSFT,2025-01-22,437.56,447.27,436.0,446.2,441.9239,27803811
NVDA,2025-01-22,144.66,147.79,143.67,147.07,147.0218,237651391
SPY,2025-01-22,605.92,607.82,605.36,606.44,597.7592,48196000
AAPL,2025-01-23,224.74,227.03,222.3,223.66,222.4448,60234800
MSFT,2025-01-23,442.0,446.75,441.5048,446.71,442.429,18389270
NVDA,2025-01-23,145.05,147.23,143.72,147.22,147.1718,155915500
SPY,2025-01-23,605.8,609.75,605.52,609.75,601.0218,41152100
AAPL,2025-01-24,224.78,225.63,221.41,222.78,221.5696,54697900
MSFT,2025-01-24,445.16,446.65,441.4,444.06,439.8044,15549450
NVDA,2025-01-24,148.37,148.97,141.88,142.62,142.5733,234657594
SPY,2025-01-24,609.81,610.78,606.8,607.97,599.2673,34604700
AAPL,2025-01-27,224.02,232.15,223.98,229.86,228.6112,94863400
MSFT,2025-01-27,424.01,435.2,423.5,434.56,430.3955,35647809
NVDA,2025-01-27,124.8,128.4,116.7,118.42,118.3812,818830938
SPY,2025-01-27,594.81,599.69,594.64,599.37,590.7904,70361100
AAPL,2025-01-28,230.85,240.19,230.81,238.26,236.9655,75707600
MSFT,2025-01-28,434.6,448.38,431.38,447.2,442.9143,23491699
NVDA,2025-01-28,121.81,129.0,116.25,128.99,128.9477,579666438
SPY,2025-01-28,600.62,605.37,597.25,604.52,595.8667,44433300
AAPL,2025-01-29,234.12,239.86,234.01,239.36,238.0595,45486100
MSFT,2025-01-29,446.69,446.88,440.4,442.33,438.091,23581369
NVDA,2025-01-29,126.5,126.89,120.05,123.7,123.6595,467120594
SPY,2025-01-29,603.72,604.13,599.22,601.81,593.1955,37177400
AAPL,2025-01-30,238.67,240.79,237.21,237.59,236.2992,55658300
MSFT,2025-01-30,418.77,422.86,413.16,414.99,411.013,54586262
NVDA,2025-01-30,123.1,125.0,118.1,124.65,124.6092,392925500
SPY,2025-01-30,603.96,606.6,600.72,605.04,596.3792,39281300
AAPL,2025-01-31,247.19,247.19,233.44,236.0,234.7178,100959800
MSFT,2025-01-31,418.98,420.69,414.91,415.06,411.0823,34223391
NVDA,2025-01-31,123.78,127.85,119.19,120.07,120.0307,390372906
SPY,2025-01-31,607.5,609.96,601.05,601.82,593.2053,66566900
AAPL,2025-02-03,229.99,231.83,225.7,228.01,226.7712,73063300
MSFT,2025-02-03,411.6,415.41,408.66,410.92,406.982,25679150
NVDA,2025-02-03,114.75,118.57,113.01,116.66,116.6218,371235719
SPY,2025-02-03,592.67,600.29,590.49,597.77,589.2133,65857200
AAPL,2025-02-04,227.25,233.13,226.65,232.8,231.5352,45067300
MSFT,2025-02-04,412.685,413.9199,409.74,412.37,408.4181,20532100
NVDA,2025-02-04,116.96,121.2,116.7,118.65,118.6111,256550000
SPY,2025-02-04,597.83,602.3,597.28,601.78,593.1659,33457800
AAPL,2025-02-05,228.53,232.67,228.27,232.47,231.207,39620300
MSFT,2025-02-05,412.35,413.827,410.4,413.29,409.3293,16336190
NVDA,2025-02-05,121.76,125.0,120.76,124.83,124.7891,263110594
SPY,2025-02-05,600.64,604.37,598.58,604.22,595.571,30653100
AAPL,2025-02-06,231.29,233.8,230.43,233.22,231.9529,29925300
MSFT,2025-02-06,414.0,418.2,414.0,415.82,411.835,16309760
NVDA,2025-02-06,127.42,128.77,125.21,128.68,128.6378,251483594
SPY,2025-02-06,605.99,606.45,602.63,606.32,597.6409,35771500
AAPL,2025-02-07,232.6,234.0,227.26,227.63,226.3933,39707200
MSFT,2025-02-07,416.48,418.65,408.1,409.75,405.8232,22886840
NVDA,2025-02-07,129.22,130.37,125.0,129.84,129.7975,228186297
SPY,2025-02-07,606.89,608.13,600.05,600.77,592.1704,50788500
AAPL,2025-02-10,229.57,230.59,227.2,227.65,226.6621,33115600
MSFT,2025-02-10,413.71,415.4624,410.92,412.22,408.2695,20817920
NVDA,2025-02-10,130.09,135.0,129.96,133.57,133.5262,216989109
SPY,2025-02-10,604.03,605.5,602.74,604.85,596.192,26048700
AAPL,2025-02-11,228.2,235.23,228.13,232.62,231.6105,53718400
MSFT,2025-02-11,409.64,412.49,409.3,411.44,407.497,18140590
NVDA,2025-02-11,132.58,134.48,131.02,132.8,132.7565,178902406
SPY,2025-02-11,602.55,605.86,602.43,605.31,596.6454,30056700
AAPL,2025-02-12,231.2,236.96,230.68,236.87,235.8421,45243300
MSFT,2025-02-12,407.21,410.75,404.3673,409.04,405.12,19121730
NVDA,2025-02-12,130.02,132.24,129.08,131.14,131.097,160278594
SPY,2025-02-12,599.2,604.55,598.51,603.36,594.7233,45076100
AAPL,2025-02-13,236.91,242.34,235.57,241.53,240.4819,53614100
MSFT,2025-02-13,407.0,411.0,406.36,410.54,406.6056,23891730
NVDA,2025-02-13,131.555,136.5,131.17,135.29,135.2457,197430000
SPY,2025-02-13,604.48,609.94,603.2,609.73,601.0021,40921300
AAPL,2025-02-14,241.25,245.55,240.99,244.6,243.5386,40896200
MSFT,2025-02-14,407.79,408.91,405.88,408.43,404.5159,22758461
NVDA,2025-02-14,136.48,139.25,135.5,138.85,138.8045,195479594
SPY,2025-02-14,609.94,610.99,609.07,609.7,600.9725,26910400
AAPL,2025-02-18,244.15,245.18,241.84,244.47,243.4091,48822500
MSFT,2025-02-18,408.0,410.597,406.5,409.64,405.7143,21423051
NVDA,2025-02-18,141.27,143.44,137.925,139.4,139.3543,219176609
SPY,2025-02-18,610.88,611.49,608.38,611.49,602.7369,26749000
AAPL,2025-02-19,244.66,246.01,243.16,244.87,243.8074,32204200
MSFT,2025-02-19,407.88,415.49,407.65,414.77,410.7951,24114199
NVDA,2025-02-19,139.51,141.36,137.22,139.23,139.1844,167536000
SPY,2025-02-19,610.08,613.23,609.56,612.93,604.1563,31011100
AAPL,2025-02-20,244.94,246.78,244.29,245.83,244.7632,32316900
MSFT,2025-02-20,415.29,419.31,412.54,416.13,412.9685,23508730
NVDA,2025-02-20,140.03,140.66,136.7901,140.11,140.0641,143903594
SPY,2025-02-20,611.54,611.68,607.02,610.38,601.6428,36554000
AAPL,2025-02-21,245.95,248.69,245.22,245.55,244.4844,53197400
MSFT,2025-02-21,417.335,418.048,407.89,408.21,405.1086,27524801
NVDA,2025-02-21,140.04,141.46,134.03,134.43,134.386,228217594
SPY,2025-02-21,610.16,610.3,599.47,599.94,591.3522,76519800
AAPL,2025-02-24,244.93,248.86,244.42,247.1,246.0277,51326400
MSFT,2025-02-24,408.51,409.37,399.32,404.0,400.9306,26443660
NVDA,2025-02-24,136.56,138.59,130.08,130.28,130.2373,251381109
SPY,2025-02-24,602.02,603.03,596.49,597.21,588.6613,50737200
AAPL,2025-02-25,248.0,250.0,244.91,247.04,245.968,48013300
MSFT,2025-02-25,401.1,401.915,396.7,397.9,394.877,29387400
NVDA,2025-02-25,129.98,130.2,124.44,126.63,126.5885,271428719
SPY,2025-02-25,597.15,597.89,589.56,594.24,585.7338,58266500
AAPL,2025-02-26,244.33,244.98,239.13,240.36,239.317,44433600
MSFT,2025-02-26,398.01,403.6,394.245,399.73,396.6931,19618949
NVDA,2025-02-26,129.985,133.73,128.49,131.28,131.237,322553781
SPY,2025-02-26,595.93,599.58,591.86,594.54,586.0295,43321600
AAPL,2025-02-27,239.41,242.46,237.06,237.3,236.2702,41153600
MSFT,2025-02-27,401.265,405.74,392.17,392.53,389.5478,21127410
NVDA,2025-02-27,135.0,135.01,120.01,120.15,120.1106,443175812
SPY,2025-02-27,596.85,598.02,584.65,585.05,576.6754,74196700
AAPL,2025-02-28,236.95,242.09,230.2,241.84,240.7905,56833400
MSFT,2025-02-28,392.655,397.63,386.57,396.99,393.9739,32845660
NVDA,2025-02-28,118.02,125.09,116.4,124.92,124.8791,389091094
SPY,2025-02-28,585.56,594.72,582.44,594.18,585.6747,88744100
AAPL,2025-03-03,241.79,244.03,236.11,238.03,236.9971,47184000
MSFT,2025-03-03,398.82,398.82,386.155,388.49,385.5385,23007730
NVDA,2025-03-03,123.51,123.7,112.28,114.06,114.0226,411381406
SPY,2025-03-03,596.18,597.34,579.9,583.77,575.4137,74249200
AAPL,2025-03-04,237.71,240.07,234.68,235.93,234.9062,53798100
MSFT,2025-03-04,383.4,392.58,381.0,388.61,385.6576,29342920
NVDA,2025-03-04,110.645,119.31,110.11,115.99,115.952,398163281
SPY,2025-03-04,579.71,585.39,572.25,576.86,568.6026,109648200
AAPL,2025-03-05,235.42,236.55,229.23,235.74,234.717,47227600
MSFT,2025-03-05,389.34,401.67,388.81,401.02,397.9733,23433131
NVDA,2025-03-05,117.58,118.2781,114.51,117.3,117.2616,284337875
SPY,2025-03-05,576.69,584.88,573.08,583.06,574.7139,71230500
AAPL,2025-03-06,234.44,237.86,233.16,235.33,234.3088,45170400
MSFT,2025-03-06,394.28,402.15,392.6777,396.89,393.8746,23304631
NVDA,2025-03-06,113.53,115.35,110.22,110.57,110.5338,321181875
SPY,2025-03-06,575.48,580.17,570.12,572.71,564.512,80094900
AAPL,2025-03-07,235.11,241.37,234.76,239.07,238.0325,46273600
MSFT,2025-03-07,392.32,394.8,385.54,393.31,390.3218,22034090
NVDA,2025-03-07,111.25,113.48,107.56,112.69,112.6531,341755500
SPY,2025-03-07,570.9,577.39,565.63,575.92,567.6761,81158800
AAPL,2025-03-10,235.54,236.16,224.22,227.48,226.4928,72071200
MSFT,2025-03-10,385.84,386.4,377.22,380.16,377.2717,32840129
NVDA,2025-03-10,109.9,111.85,105.46,106.98,106.945,366487406
SPY,2025-03-10,567.59,569.54,555.59,560.58,552.5557,99326600
AAPL,2025-03-11,223.81,225.84,217.45,220.84,219.8817,76137400
MSFT,2025-03-11,379.0,386.0,376.91,380.45,377.5595,30380180
NVDA,2025-03-11,106.99,112.236,104.77,108.76,108.7244,354865688
SPY,2025-03-11,559.4,564.02,552.02,555.92,547.9624,88102100
AAPL,2025-03-12,220.14,221.75,214.91,216.98,216.0384,62547500
MSFT,2025-03-12,382.95,385.2165,378.9507,383.27,380.3581,24253570
NVDA,2025-03-12,114.12,116.76,112.88,115.74,115.7127,323857500
SPY,2025-03-12,562.17,563.11,553.69,558.87,550.8701,69588200
AAPL,2025-03-13,215.95,216.84,208.42,209.68,208.7701,61368300
MSFT,2025-03-13,383.155,385.32,377.45,378.77,375.8923,20473020
NVDA,2025-03-13,117.03,117.76,113.79,115.58,115.5528,299033094
SPY,2025-03-13,558.49,559.11,549.68,551.42,543.5268,74079400
AAPL,2025-03-14,211.25,213.95,209.58,213.49,212.5636,60107600
MSFT,2025-03-14,379.775,390.23,379.51,388.56,385.6079,19952850
NVDA,2025-03-14,118.61,121.88,118.15,121.67,121.6413,277593500
SPY,2025-03-14,556.11,563.83,551.49,562.81,554.7537,62660300
AAPL,2025-03-17,213.31,215.22,209.97,214.0,213.0713,48073400
MSFT,2025-03-17,386.7,392.705,385.57,388.7,385.7469,22474270
NVDA,2025-03-17,122.74,122.89,118.03,119.53,119.5018,255501500
SPY,2025-03-17,562.79,569.71,562.35,567.15,559.0316,49008700
AAPL,2025-03-18,214.16,215.15,211.49,212.69,211.767,42432400
MSFT,2025-03-18,387.07,387.37,381.1,383.52,380.6062,19486850
NVDA,2025-03-18,118.0,119.02,114.54,115.43,115.4028,299686906
SPY,2025-03-18,564.8,565.02,559.06,561.02,552.9894,66041400
AAPL,2025-03-19,214.22,218.76,213.75,215.24,214.306,54385400
MSFT,2025-03-19,385.525,389.68,384.0,387.82,384.8736,19185529
NVDA,2025-03-19,117.27,120.445,115.68,117.52,117.4923,273426219
SPY,2025-03-19,562.83,570.95,561.63,567.13,559.0119,66556000
AAPL,2025-03-20,213.99,217.49,212.22,214.1,213.1709,48862900
MSFT,2025-03-20,385.735,391.785,383.28,386.84,383.901,18470539
NVDA,2025-03-20,116.55,120.2,116.47,118.53,118.5021,248829703
SPY,2025-03-20,563.33,570.57,562.6,565.49,557.3954,62958200
AAPL,2025-03-21,211.56,218.84,211.28,218.27,217.3228,94127800
MSFT,2025-03-21,383.215,391.74,382.8,391.26,388.2874,39675930
NVDA,2025-03-21,116.94,117.99,115.42,117.7,117.6723,266498500
SPY,2025-03-21,559.28,564.89,558.03,563.98,557.5788,83763000
AAPL,2025-03-24,221.0,221.48,218.58,220.73,219.7721,44299500
MSFT,2025-03-24,395.4,395.4,389.81,393.08,390.0936,21004551
NVDA,2025-03-24,119.88,122.22,119.34,121.41,121.3814,228452500
SPY,2025-03-24,570.8,575.15,570.2,574.08,567.5642,58766800
AAPL,2025-03-25,220.77,224.1,220.08,223.75,222.779,34493600
MSFT,2025-03-25,393.915,396.36,392.64,395.16,392.1578,15774970
NVDA,2025-03-25,120.545,121.29,118.92,120.69,120.6616,167447203
SPY,2025-03-25,575.3,576.41,573.69,575.46,568.9285,38355700
AAPL,2025-03-26,223.51,225.02,220.47,221.53,220.5687,34466100
MSFT,2025-03-26,395.0,395.31,388.57,389.97,387.0072,16132910
NVDA,2025-03-26,118.73,118.84,112.71,113.76,113.7332,296431719
SPY,2025-03-26,575.19,576.33,567.19,568.59,562.1365,51848300
AAPL,2025-03-27,221.39,224.99,220.56,223.85,222.8786,37094800
MSFT,2025-03-27,390.13,392.24,387.395,390.58,387.6126,13766760
NVDA,2025-03-27,111.35,114.45,110.66,111.43,111.4037,236902094
SPY,2025-03-27,567.18,570.9,564.94,567.08,560.6436,42164200
AAPL,2025-03-28,221.67,223.81,217.68,217.9,216.9544,39818600
MSFT,2025-03-28,388.08,389.13,376.93,378.8,375.9221,21632020
NVDA,2025-03-28,111.485,112.87,109.0701,109.67,109.6442,229872500
SPY,2025-03-28,565.53,566.27,555.07,555.66,549.3532,71662700
AAPL,2025-03-31,217.01,225.62,216.23,222.13,221.1661,65299300
MSFT,2025-03-31,372.535,377.07,367.24,375.39,372.538,35184680
NVDA,2025-03-31,105.13,110.955,103.65,108.38,108.3545,299212719
SPY,2025-03-31,549.83,560.71,546.87,559.39,553.0409,95328200
